date,ticker,region,sector,cap_group,close,log_return,rv_lag,sigma_t,rv_5,rv_60,har_daily,har_weekly,har_monthly,beta,vix_proxy,vix_beta_adj,rf_rate,r_lag1,S_lag1,sentiment,sentiment_flag,sent_lag1,sent_ma5,regime,bsm_naive,bsm_oracle
2018-02-01,JPM,US,Financials,large,93.48384094238281,0.01032083429464259,0.11026325086077153,0.1121754391304568,0.09460715466109298,,0.07704264520335302,0.09460715466109298,,,13.470000267028809,,0.0278,0.027200000000000002,92.52397155761719,0.048873,0,,,Low_Vol,2.2844756446221356e-08,3.9004048250910044e-08
2018-02-02,JPM,US,Financials,large,91.41209411621094,-0.02241080676041246,0.1121754391304568,0.14047060231975336,0.11992249419341282,,0.16383816519798616,0.11992249419341282,,,17.309999465942383,,0.028399999999999998,0.0278,93.48384094238281,,0,0.048873,,Low_Vol,2.2587418247110657e-07,3.579242622826946e-05
2018-02-05,JPM,US,Financials,large,87.0286865234375,-0.0491399959927799,0.14047060231975336,0.22947342735549917,0.20384873374362877,,0.3557605282102588,0.20384873374362877,0.1396636534585611,,37.31999969482422,,0.0277,0.028399999999999998,91.41209411621094,0.148304,0,,,Low_Vol,2.7320675070805194e-06,0.005796372691516005
2018-02-06,JPM,US,Financials,large,89.67630767822266,0.029968811268783455,0.22947342735549917,0.2526711134366223,0.37815976543158725,,0.7800732529416369,0.37815976543158725,0.22472299121262554,,29.979999542236328,,0.0279,0.0277,87.0286865234375,-0.21849,0,0.148304,,High_Vol,0.0003765397273716546,0.001422165641174311
2018-02-07,JPM,US,Financials,large,90.28423309326172,0.006756233615582544,0.2526711134366223,0.25304805617121395,0.4896527180884048,,0.47574013023258666,0.4896527180884048,0.2418853367894017,,27.729999542236328,,0.028399999999999998,0.0279,89.67630767822266,0.196005,0,-0.21849,,High_Vol,0.006111270102135857,0.0062049680030319965
2018-02-08,JPM,US,Financials,large,86.29277801513672,-0.0452169294017335,0.25304805617121395,0.3000585600902488,0.4923133289248802,,0.10725188367771706,0.4923133289248802,0.24096445876905254,,33.459999084472656,,0.0285,0.028399999999999998,90.28423309326172,0.051378,0,0.196005,,High_Vol,0.008452914675662337,0.03617108948142089
2018-02-09,JPM,US,Financials,large,88.02053833007812,0.019824267418865185,0.3000585600902488,0.30846091772324225,0.5397311754485,,0.7177965014817086,0.5397311754485,0.2889115583094722,,29.059999465942383,,0.028300000000000002,0.0285,86.29277801513672,,0,0.051378,,High_Vol,0.006972070094028782,0.009199229646517926
2018-02-12,JPM,US,Financials,large,89.38036346435547,0.015330832642092894,0.30846091772324225,0.3077304974681088,0.5891883371990351,,0.3147004890861457,0.5891883371990351,0.296399199157574,,25.610000610351562,,0.0286,0.028300000000000002,88.02053833007812,0.028134,0,,,High_Vol,0.018823331020885403,0.018441720807309325
2018-02-13,JPM,US,Financials,large,89.93229675292969,0.0061561189376413885,0.3077304974681088,0.3083458201765023,0.46784019859592385,,0.2433694233751746,0.46784019859592385,0.2986332930714528,,24.969999313354492,,0.028300000000000002,0.0286,89.38036346435547,,0,0.028134,,High_Vol,0.031269213400927365,0.03175844014690843
2018-02-14,JPM,US,Financials,large,92.01203918457031,0.022862300248147647,0.3083458201765023,0.318208487024406,0.41657549721776116,,0.09772535850200556,0.41657549721776116,0.29880165532025027,,19.260000228881836,,0.0291,0.028300000000000002,89.93229675292969,0.176817,0,,,High_Vol,0.03891202451394826,0.04891309322612103
2018-02-15,JPM,US,Financials,large,92.39596557617188,0.004163885909480443,0.318208487024406,0.31838147162606734,0.44627691631881206,,0.36292776513293373,0.44627691631881206,0.3036659562003163,,19.1299991607666,,0.028999999999999998,0.0291,92.01203918457031,,0,0.176817,,High_Vol,0.0974172248368892,0.09773565745820578
2018-02-16,JPM,US,Financials,large,91.73207092285156,-0.0072112595446423115,0.31838147162606734,0.3195396769047685,0.13089403851070555,,0.06609963962478754,0.13089403851070555,0.30341747874705915,,19.459999084472656,,0.0287,0.028999999999999998,92.39596557617188,,0,,,High_Vol,0.11012167758151081,0.11246633353450353
2018-02-20,JPM,US,Financials,large,91.75606536865234,0.00026153675569985267,0.3195396769047685,0.3169436777750918,0.18165532087273117,,0.11447519636798663,0.18165532087273117,0.3041662725707841,,20.600000381469727,,0.0288,0.0287,91.73207092285156,,0,,,High_Vol,0.09138020261811786,0.08691099784287104
2018-02-21,JPM,US,Financials,large,92.14000701904297,0.004175643375875524,0.3169436777750918,0.31722044828013857,0.17612147827539928,,0.004151767285706789,0.17612147827539928,0.30410775961004627,,20.020000457763672,,0.0294,0.0288,91.75606536865234,0.25929650000000004,0,,,High_Vol,0.08760268364100732,0.08807534480064438
2018-02-22,JPM,US,Financials,large,91.97203826904297,-0.0018246366916264193,0.31722044828013857,0.31393872496322356,0.17603828011523917,,0.06628628361756504,0.17603828011523917,0.30417314880891544,,18.719999313354492,,0.0292,0.0294,92.14000701904297,,0,0.25929650000000004,,High_Vol,0.09961378470490834,0.09357960392247566
2018-02-23,JPM,US,Financials,large,93.83578491210938,0.020061686525824535,0.31393872496322356,0.3221672925525582,0.0753563125686997,,0.028965209514522937,0.0753563125686997,0.3018684699516485,,16.489999771118164,,0.0288,0.0292,91.97203826904297,0.032033,0,,,High_Vol,0.0886322682306604,0.10360084162670047
2018-02-26,JPM,US,Financials,large,95.00364685058594,0.01236899324466037,0.3221672925525582,0.32446972079685416,0.164108658757566,,0.3184694005672026,0.164108658757566,0.30913962327640254,,15.800000190734863,,0.0286,0.0288,93.83578491210938,,0,0.032033,,High_Vol,0.17966485910203644,0.18625054662203588
2018-02-27,JPM,US,Financials,large,93.87577056884766,-0.011942960257606121,0.32446972079685416,0.32769030349760403,0.14433835928180874,,0.19635168056165545,0.14433835928180874,0.30899288123004737,,18.59000015258789,,0.028999999999999998,0.0286,95.00364685058594,,0,,,High_Vol,0.25590151516565385,0.26760625516512704
2018-02-28,JPM,US,Financials,large,92.38799285888672,-0.01597529571794695,0.32769030349760403,0.33112780755594523,0.19676408854393118,,0.18958861655732218,0.19676408854393118,0.3121830315013432,,19.850000381469727,,0.0287,0.028999999999999998,93.87577056884766,,0,,,High_Vol,0.1979334886126809,0.2083669617960604
2018-03-01,JPM,US,Financials,large,90.73220825195312,-0.018084621184979666,0.33112780755594523,0.33678624792096423,0.24531021547085785,,0.2535999575424161,0.24531021547085785,0.3166407941988401,,22.469999313354492,,0.0281,0.0287,92.38799285888672,0.270814,0,,,High_Vol,0.13716140197116689,0.1504828171210395
2018-03-02,JPM,US,Financials,large,90.64420318603516,-0.0009704136511077703,0.33678624792096423,0.3341366131917489,0.27989600860498076,,0.28708446126159853,0.27989600860498076,0.322308918243603,,19.59000015258789,,0.0286,0.0281,90.73220825195312,0.337758,0,0.270814,,High_Vol,0.09236719258904325,0.08794975893220158
2018-03-05,JPM,US,Financials,large,92.03601837158203,0.015238016517257785,0.3341366131917489,0.3296451394340414,0.20069486039165835,,0.015404839138160157,0.20069486039165835,0.32095484520353196,,18.729999542236328,,0.0288,0.0286,90.64420318603516,0.185145,0,0.337758,,High_Vol,0.0856818717751282,0.0786403212101372
2018-03-06,JPM,US,Financials,large,92.11602020263672,0.0008688672328264045,0.3296451394340414,0.27301869282031715,0.21832660586801142,,0.24189601307135206,0.21832660586801142,0.3250145541656614,,18.360000610351562,,0.0288,0.0288,92.03601837158203,,0,0.185145,,High_Vol,0.12062614545722017,0.03531746986390916
2018-03-07,JPM,US,Financials,large,91.77204895019531,-0.0037410981061014054,0.27301869282031715,0.2541638007938296,0.21657768716848405,,0.013792839722349137,0.21657768716848405,0.32289631473822183,,17.760000228881836,,0.028900000000000002,0.0288,92.11602020263672,,0,,,High_Vol,0.036467433821361084,0.020946139327444935
2018-03-08,JPM,US,Financials,large,91.78003692626953,8.70377042148263e-05,0.2541638007938296,0.2533155408141195,0.1888322435155737,,0.0593880913142343,0.1888322435155737,0.3138680128712824,,16.540000915527344,,0.0286,0.028900000000000002,91.77204895019531,-0.10665400000000001,0,,,High_Vol,0.01792682079379382,0.017428249821186625
2018-03-09,JPM,US,Financials,large,94.41970825195312,0.028355013915456067,0.2533155408141195,0.20620858665334718,0.1181366392702572,,0.0013816807202305726,0.1181366392702572,0.26077480833251654,,14.640000343322754,,0.028999999999999998,0.0286,91.78003692626953,,0,-0.10665400000000001,,High_Vol,0.01747439636483228,0.0022658911320767583
2018-03-12,JPM,US,Financials,large,94.11575317382812,-0.003224383775542518,0.20620858665334718,0.1996159718429699,0.21266899411056858,,0.45012189145243564,0.21266899411056858,0.2587782629048103,,15.779999732971191,,0.0287,0.028999999999999998,94.41970825195312,0.234004,0,,,High_Vol,0.011226890272761247,0.008353419893178227
2018-03-13,JPM,US,Financials,large,92.98790740966797,-0.01205598459525036,0.1996159718429699,0.2014737084307395,0.21434966463471453,,0.051185505609102074,0.21434966463471453,0.2589402526434306,,16.350000381469727,,0.028399999999999998,0.0287,94.11575317382812,,0,0.234004,,High_Vol,0.006956913116543062,0.0076015290422215
2018-03-14,JPM,US,Financials,large,91.94805145263672,-0.011245697399778116,0.2014737084307395,0.2061038027985912,0.24541446679989168,,0.1913828222943489,0.24541446679989168,0.20531928292345486,,17.229999542236328,,0.0281,0.028399999999999998,92.98790740966797,0.0830335,0,,,High_Vol,0.0038001088538733296,0.004823164591004847
2018-03-15,JPM,US,Financials,large,92.17999267578125,0.0025193483906511775,0.2061038027985912,0.189615803848261,0.2615068389605674,,0.17851991183579166,0.2615068389605674,0.20239502151472344,,16.59000015258789,,0.0282,0.0281,91.94805145263672,-0.173843,0,0.0830335,,High_Vol,0.002506303440872798,0.0009036317734196705
2018-03-16,JPM,US,Financials,large,92.3399887084961,0.0017341869602660457,0.189615803848261,0.1891191339243131,0.2619031036663325,,0.039993415845562916,0.2619031036663325,0.19682499566717002,,15.800000190734863,,0.0285,0.0282,92.17999267578125,,0,-0.173843,,Low_Vol,0.0010742061286266036,0.0010387303675545162
2018-03-19,JPM,US,Financials,large,91.61207580566406,-0.00791419986642625,0.1891191339243131,0.1894892396400998,0.11008216475608401,,0.027529364542530046,0.11008216475608401,0.19611095997737704,,19.020000457763672,,0.0285,0.0285,92.3399887084961,,0,,,Low_Vol,0.0011708781642980337,0.0012000838901709554
2018-03-20,JPM,US,Financials,large,91.70005798339844,0.0009599166478686807,0.1894892396400998,0.18952143660446807,0.11180205509666556,,0.12563402803574678,0.11180205509666556,0.1825083439734278,,18.200000762939453,,0.028900000000000002,0.0285,91.61207580566406,0.283813,0,,,Low_Vol,0.0006963711367711234,0.0006979744696850587
2018-03-21,JPM,US,Financials,large,91.78003692626953,0.0008717997227550184,0.18952143660446807,0.18891078543556855,0.10054829921985159,,0.015238204377667734,0.10054829921985159,0.18191061486194557,,17.860000610351562,,0.028900000000000002,0.028900000000000002,91.70005798339844,0.061322999999999996,0,0.283813,,Low_Vol,0.0007480414444628117,0.0007162716363695865
2018-03-22,JPM,US,Financials,large,87.94855499267578,-0.042642770125540824,0.18891078543556855,0.241752172581469,0.0678166448384091,,0.01383939155678902,0.0678166448384091,0.18029862224030266,,23.34000015258789,,0.028300000000000002,0.028900000000000002,91.78003692626953,-0.425007,0,0.061322999999999996,,Low_Vol,0.0007612766649644637,0.011620593076432706
2018-03-23,JPM,US,Financials,large,85.59685516357422,-0.027103497446144632,0.241752172581469,0.24202410112434372,0.30162580202592915,,0.6769329898024535,0.30162580202592915,0.23097196441286164,,24.8700008392334,,0.0282,0.028300000000000002,87.94855499267578,,0,-0.425007,,High_Vol,0.001407617438960937,0.0014278179188094292
2018-03-26,JPM,US,Financials,large,88.23649597167969,0.03037212022416966,0.24202410112434372,0.2660088299191928,0.30404153980068116,,0.4302546834154377,0.30404153980068116,0.24489625147922217,,21.030000686645508,,0.0285,0.0282,85.59685516357422,0.19903099999999999,0,,,High_Vol,0.0003156264717344946,0.0012055349941049454
2018-03-27,JPM,US,Financials,large,86.52472686767578,-0.01959043112405104,0.2660088299191928,0.2705010592858326,0.4486666274040796,,0.4821424614174495,0.4486666274040796,0.27023251854212044,,22.5,,0.0278,0.0285,88.23649597167969,0.18743900000000002,0,0.19903099999999999,,High_Vol,0.005021494242218677,0.005986281253326564
2018-03-28,JPM,US,Financials,large,86.38875579833984,-0.0015727067116512007,0.2705010592858326,0.26690601883162196,0.44794966500682926,,0.3109884529846716,0.44794966500682926,0.2648587668296809,,22.8700008392334,,0.0277,0.0278,86.52472686767578,-0.108813,0,0.18743900000000002,,High_Vol,0.0024813696263965568,0.002113291820813018
2018-03-29,JPM,US,Financials,large,87.96453857421875,0.018076236398174086,0.26690601883162196,0.27127054673304213,0.44397403771550886,,0.024965945065627472,0.44397403771550886,0.25885173054697724,,19.969999313354492,,0.0274,0.0277,86.38875579833984,0.082346,0,-0.108813,,High_Vol,0.0019605925502695493,0.002385816007785438
2018-04-02,JPM,US,Financials,large,86.2687759399414,-0.01946603823887864,0.27127054673304213,0.27859322828906063,0.38641201420549504,0.2560550792134417,0.2869513568974954,0.38641201420549504,0.268020605195026,,23.6200008392334,,0.0273,0.0274,87.96453857421875,0.033203,0,0.082346,,High_Vol,0.005370247197400757,0.007071400663718863
2018-04-03,JPM,US,Financials,large,87.45262145996094,0.013629453409974008,0.27859322828906063,0.2772923416939398,0.3551575812378624,0.2592635510989166,0.30901377715047973,0.3551575812378624,0.2703059839238808,,21.100000381469727,,0.0279,0.0273,86.2687759399414,-0.413961,0,0.033203,0.07864120000000001,High_Vol,0.003058918043901959,0.002897291370058591
2018-04-04,JPM,US,Financials,large,88.78044891357422,0.015069278177736041,0.2772923416939398,0.2841148506860771,0.2819425713957066,0.25912765763027146,0.21636086537119492,0.2819425713957066,0.27054045531704995,,20.059999465942383,,0.0279,0.0279,87.45262145996094,0.066991,0,-0.413961,-0.04395719999999999,High_Vol,0.0052725814600984855,0.006791143834022795
2018-04-05,JPM,US,Financials,large,89.9461441040039,0.01304463650882512,0.2841148506860771,0.28883694434529383,0.24955373699049332,0.2605740585323978,0.23921737497325296,0.24955373699049332,0.2764230315079912,,18.940000534057617,,0.028300000000000002,0.0279,88.78044891357422,0.078699,0,0.066991,-0.06804679999999999,High_Vol,0.012432811489270335,0.01444039675525921
2018-04-06,JPM,US,Financials,large,87.703125,-0.025253560791290885,0.28883694434529383,0.3013036191512793,0.2463111107626459,0.26185301688011603,0.2070771848735105,0.2463111107626459,0.2749780749500991,,21.489999771118164,,0.0277,0.028300000000000002,89.9461441040039,,0,0.078699,-0.030544399999999992,High_Vol,0.02351695986172886,0.032852636289827375
2018-04-09,JPM,US,Financials,large,88.75631713867188,0.011937073267179667,0.3013036191512793,0.28432719025592046,0.3172822397462556,0.26696541362647014,0.4008878494356432,0.3172822397462556,0.2867577950652059,,21.770000457763672,,0.0278,0.0277,87.703125,,0,,,High_Vol,0.013393033962488088,0.0076865179849862075
2018-04-10,JPM,US,Financials,large,90.4526596069336,0.018932010726617345,0.28432719025592046,0.29487286430077403,0.27514078663787794,0.26714551667729924,0.1894951634814881,0.27514078663787794,0.2906502436586532,,20.469999313354492,,0.027999999999999997,0.0278,88.75631713867188,,0,,,High_Vol,0.012382060279743978,0.017156160178949054
2018-04-11,JPM,US,Financials,large,88.93318939208984,-0.016941208733999794,0.29487286430077403,0.2975832431418519,0.28710132287355883,0.269722753300824,0.3005363532062204,0.28710132287355883,0.2987837507215333,,20.239999771118164,,0.0279,0.027999999999999997,90.4526596069336,0.270372,0,,,High_Vol,0.03376130112410891,0.03617445299758337
2018-04-12,JPM,US,Financials,large,91.1440658569336,0.024555989112405367,0.2975832431418519,0.310069549568184,0.31701686501293214,0.26990141251980937,0.2689333513139931,0.31701686501293214,0.2850064800955894,,18.489999771118164,,0.028300000000000002,0.0279,88.93318939208984,,0,0.270372,,High_Vol,0.01996171071145525,0.027987181981769638
2018-04-13,JPM,US,Financials,large,88.6759262084961,-0.0274529503707818,0.310069549568184,0.3242068020061859,0.35440083675300116,0.2745273108742099,0.3898142423318059,0.35440083675300116,0.2995549729196589,,17.40999984741211,,0.0282,0.028300000000000002,91.1440658569336,0.22276633333333332,0,,,High_Vol,0.06207530381992177,0.08288158973177673
2018-04-16,JPM,US,Financials,large,88.60358428955078,-0.0008161340558477741,0.3242068020061859,0.3239499883083916,0.36547966151604094,0.2799992313453812,0.43580207661652254,0.36547966151604094,0.310426770174361,,16.559999465942383,,0.028300000000000002,0.0282,88.6759262084961,-0.125789,0,0.22276633333333332,,High_Vol,0.03608018717673178,0.035862704952234425
2018-04-17,JPM,US,Financials,large,88.60358428955078,0.0,0.3239499883083916,0.32327216622253335,0.3551563705511769,0.27994404112142535,0.012955726489582263,0.3551563705511769,0.308765407275167,,15.25,,0.0282,0.028300000000000002,88.60358428955078,0.221136,0,-0.125789,,High_Vol,0.034956529294349004,0.03439818472184819
2018-04-18,JPM,US,Financials,large,87.8880386352539,-0.00810859533147009,0.32327216622253335,0.32389591606030016,0.3133970875382106,0.2799186630124824,0.0,0.3133970875382106,0.30847142138267636,,15.600000381469727,,0.0287,0.0282,88.60358428955078,0.19446116666666668,0,0.221136,,High_Vol,0.03438935141810062,0.03490282688527069
2018-04-19,JPM,US,Financials,large,89.81755065917969,0.021716681654266254,0.32389591606030016,0.3347227180610604,0.2964674320738015,0.27924068590951195,0.12871996037477526,0.2964674320738015,0.30891711238353003,,15.960000038146973,,0.0292,0.0287,87.8880386352539,-0.024700500000000014,0,0.19446116666666668,,High_Vol,0.026937198535291973,0.034940012100836526
2018-04-20,JPM,US,Financials,large,89.6165542602539,-0.0022403375666476323,0.3347227180610604,0.2967554406709114,0.2804789216042675,0.28297871715334955,0.34474163375248373,0.2804789216042675,0.3185214430018035,,16.8799991607666,,0.0296,0.0292,89.81755065917969,-0.296019,0,-0.024700500000000014,0.0975748,High_Vol,0.0668451874285092,0.02784228812932943
2018-04-23,JPM,US,Financials,large,89.18243408203125,-0.004855967422506811,0.2967554406709114,0.27883833623986676,0.1811331872889071,0.28170404846759456,0.03556425632511137,0.1811331872889071,0.31848144419403407,,16.34000015258789,,0.0298,0.0296,89.6165542602539,-0.0445,0,-0.296019,-0.006182266666666647,High_Vol,0.02576100466222553,0.0152400973968706
2018-04-24,JPM,US,Financials,large,88.76437377929688,-0.004698719543426232,0.27883833623986676,0.2586540971103559,0.18740702907387807,0.2818376964736252,0.07708609304750602,0.18740702907387807,0.3186577657266388,,18.020000457763672,,0.03,0.0298,89.18243408203125,,0,-0.0445,0.01007553333333335,High_Vol,0.012589629251056667,0.006078003357966766
2018-04-25,JPM,US,Financials,large,88.42669677734375,-0.003811449523754448,0.2586540971103559,0.24842398711303443,0.1923672770042784,0.28168180130345044,0.0745898603540686,0.1923672770042784,0.28353122544768616,,17.84000015258789,,0.030299999999999997,0.03,88.76437377929688,,0,,,High_Vol,0.004910470082292145,0.0031536560018979864
2018-04-26,JPM,US,Financials,large,88.51513671875,0.0009996499643262246,0.24842398711303443,0.24822641628907924,0.1826175640806409,0.2817498059916925,0.060504885447179045,0.1826175640806409,0.2668680433217208,,16.239999771118164,,0.03,0.030299999999999997,88.42669677734375,0.2836295,0,,,High_Vol,0.0026141748030492074,0.002590038536343958
2018-04-27,JPM,US,Financials,large,87.95236206054688,-0.006378246079258421,0.24822641628907924,0.2412763508840554,0.038503522196135564,0.2812012094103626,0.01586895122233068,0.038503522196135564,0.24643979017440734,,15.40999984741211,,0.0296,0.03,88.51513671875,,0,0.2836295,,High_Vol,0.0027190574117152977,0.0019421242407601652
2018-04-30,JPM,US,Financials,large,87.45394134521484,-0.005683057531200335,0.2412763508840554,0.2312864584825627,0.044614043673849045,0.2812031819777366,0.10125151755894331,0.044614043673849045,0.23764400939327704,,15.930000305175781,,0.029500000000000002,0.0296,87.95236206054688,,0,,,High_Vol,0.0013838403241081682,0.0007931747354455732
2018-05-01,JPM,US,Financials,large,87.45394134521484,0.0,0.2312864584825627,0.22617050537150798,0.04626290941252011,0.2804006432805054,0.09021574148417269,0.04626290941252011,0.23853034605743728,,15.489999771118164,,0.0297,0.029500000000000002,87.45394134521484,0.06663066666666666,0,,,High_Vol,0.0005697221967550792,0.0004121390819802201
2018-05-02,JPM,US,Financials,large,86.76251983642578,-0.007937540853728194,0.22617050537150798,0.22051380731435535,0.052807364593244595,0.27686880009251424,0.0,0.052807364593244595,0.23030230670571003,,15.970000267028809,,0.0297,0.0297,87.45394134521484,0.204825,0,0.06663066666666666,,High_Vol,0.0004125520180149819,0.00028170379043682137
2018-05-03,JPM,US,Financials,large,86.21583557128906,-0.00632086117363856,0.22051380731435535,0.21461620876616577,0.06388830860249602,0.2583610897704014,0.12600455472228073,0.06388830860249602,0.22192072305788763,,15.899999618530273,,0.0294,0.0297,86.76251983642578,0.132768,0,0.204825,,High_Vol,0.00016844480964280616,0.00010715546421225311
2018-05-04,JPM,US,Financials,large,87.17253875732422,0.011035490687615526,0.21461620876616577,0.20095330197832786,0.04853526988518361,0.2509490931161101,0.10034056042326893,0.04853526988518361,0.21772967361478035,,14.770000457763672,,0.029500000000000002,0.0294,86.21583557128906,0.238965,0,0.132768,,High_Vol,6.885202341923996e-05,1.9824946105703213e-05
2018-05-07,JPM,US,Financials,large,87.92826080322266,0.008631905053316138,0.20095330197832786,0.19861193941125196,0.12326373461786157,0.25164122824860824,0.17518298372999916,0.12326373461786157,0.21464166590118133,,14.75,,0.029500000000000002,0.029500000000000002,87.17253875732422,0.07254250000000001,0,0.238965,,High_Vol,4.686140144864303e-05,3.7659970852460273e-05
2018-05-08,JPM,US,Financials,large,89.23065185546875,0.014703347363164128,0.19861193941125196,0.19363837391721891,0.1359562024261489,0.23445956151885033,0.13702724467077743,0.1359562024261489,0.21171822440672794,,14.710000038146973,,0.0297,0.029500000000000002,87.92826080322266,0.14796199999999998,0,0.07254250000000001,0.14314623333333334,High_Vol,7.30963631429193e-05,4.627103219221641e-05
2018-05-09,JPM,US,Financials,large,91.17623138427734,0.021569631101195866,0.19363837391721891,0.19892496417978145,0.165456404024208,0.23286886007912905,0.2334084033787775,0.165456404024208,0.1997101567258234,,13.420000076293945,,0.03,0.0297,89.23065185546875,0.129412,0,0.14796199999999998,0.1594125,Low_Vol,0.0001437944052326695,0.0002213387166535262
2018-05-10,JPM,US,Financials,large,91.88371276855469,0.007729543565312907,0.19892496417978145,0.18092555475884967,0.16368136480085305,0.23493892008020412,0.3424072785910112,0.16368136480085305,0.20862682610619485,,13.229999542236328,,0.0297,0.03,91.17623138427734,-0.102179,0,0.129412,0.1443299,High_Vol,0.000969688993384718,0.0002544295231139207
2018-05-11,JPM,US,Financials,large,91.53800201416016,-0.0037695772736052804,0.18092555475884967,0.14933419978550302,0.0893438002503155,0.2351275837892844,0.12270270013114497,0.0893438002503155,0.2005027067868361,,12.649999618530273,,0.0297,0.0297,91.88371276855469,,0,-0.102179,0.09734050000000001,Low_Vol,0.00045759066891576383,1.829143838051844e-05
2018-05-14,JPM,US,Financials,large,91.57015228271484,0.00035116151990640656,0.14933419978550302,0.14914228464281276,0.14898968627819192,0.23053002755930105,0.059840184082802735,0.14898968627819192,0.1913311578020828,,12.930000305175781,,0.03,0.0297,91.53800201416016,0.22553299999999998,0,,,Low_Vol,1.2231770593399338e-05,1.1914297579559757e-05
2018-05-15,JPM,US,Financials,large,90.87071228027344,-0.007667618007890037,0.14914228464281276,0.15270600394136405,0.16384275289030675,0.23036216713899504,0.005574516310126857,0.16384275289030675,0.1726726771832351,,14.630000114440918,,0.0308,0.03,91.57015228271484,0.48613850000000003,0,0.22553299999999998,,Low_Vol,1.2407247098551776e-05,1.9889019925982236e-05
2018-05-16,JPM,US,Financials,large,91.11993408203125,0.0027388435892637328,0.15270600394136405,0.1486776431793075,0.18303529963064463,0.23042380885906316,0.12171966238270518,0.18303529963064463,0.14547576264676082,,13.420000076293945,,0.030899999999999997,0.0308,90.87071228027344,0.221236,0,0.48613850000000003,,Low_Vol,8.953094975635125e-06,5.033932511054585e-06
2018-05-17,JPM,US,Financials,large,90.81444549560547,-0.0033582314044888237,0.1486776431793075,0.12955145357909004,0.09401415227470385,0.2304989575858062,0.04347779410257222,0.09401415227470385,0.14540807456677754,,13.430000305175781,,0.0311,0.030899999999999997,91.11993408203125,0.1773115,0,0.221236,,Low_Vol,6.8379293723171575e-06,2.394159499812139e-07
2018-05-18,JPM,US,Financials,large,89.34319305419922,-0.016333308552734422,0.12955145357909004,0.1425830374952234,0.06374608058409098,0.230416934247981,0.05331027084770752,0.06374608058409098,0.146202885349558,,13.420000076293945,,0.030600000000000002,0.0311,90.81444549560547,-0.132697,0,0.1773115,,Low_Vol,1.4789685446103465e-07,1.7969380156700014e-06
2018-05-21,JPM,US,Financials,large,90.16324615478516,0.009136817699977805,0.1425830374952234,0.14509049453857942,0.11950069589483914,0.23274939291008886,0.25928323510451756,0.11950069589483914,0.15482846093861308,,13.079999923706055,,0.030600000000000002,0.030600000000000002,89.34319305419922,0.1559325,0,-0.132697,0.1955044,Low_Vol,2.2814355700682615e-07,3.6713186779272535e-07
2018-05-22,JPM,US,Financials,large,90.8546371459961,0.007638961860612628,0.14509049453857942,0.14578222095639057,0.15470154260496002,0.2296872058589853,0.14504248445204662,0.15470154260496002,0.13947507545756968,,13.220000267028809,,0.030600000000000002,0.030600000000000002,90.16324615478516,,0,0.1559325,0.1815843,Low_Vol,1.1393536726282834e-06,1.2810810844862968e-06
2018-05-23,JPM,US,Financials,large,90.43658447265625,-0.00461195429772759,0.14578222095639057,0.14617173531430044,0.164089142249037,0.22874334090466414,0.12126476014732959,0.164089142249037,0.14141666920979637,,12.579999923706055,,0.0301,0.030600000000000002,90.8546371459961,0.25989450000000003,0,,,Low_Vol,3.1658626200456127e-06,3.3646048603223682e-06
2018-05-24,JPM,US,Financials,large,89.42362213134766,-0.011264004090887977,0.14617173531430044,0.1526484565695163,0.1645572280152946,0.22770140234692146,0.07321250477869647,0.1645572280152946,0.14130557621498235,,12.529999732971191,,0.0298,0.0301,90.43658447265625,0.133051,0,0.25989450000000003,,Low_Vol,1.951401127963401e-06,5.261748589268701e-06
2018-05-25,JPM,US,Financials,large,88.96533966064453,-0.005138025069419016,0.1526484565695163,0.1519680902147963,0.17909399081093935,0.22654635842655638,0.17881052154782268,0.17909399081093935,0.14594989087267046,,13.220000267028809,,0.029300000000000003,0.0298,89.42362213134766,,0,0.133051,,Low_Vol,1.4878807165380503e-06,1.3339797340853731e-06
2018-05-29,JPM,US,Financials,large,85.16263580322266,-0.04368406112975634,0.1519680902147963,0.21816394488694343,0.1403772223918319,0.22380188238774362,0.08156361938218858,0.1403772223918319,0.1464704235240324,,17.020000457763672,,0.0277,0.029300000000000003,88.96533966064453,-0.668577,0,,,Low_Vol,7.284637118293487e-07,0.0007029127887879932
2018-05-30,JPM,US,Financials,large,87.10823059082031,0.022588584535322944,0.21816394488694343,0.23413670118364763,0.30638729227528366,0.2407996793139175,0.6934629720400713,0.30638729227528366,0.20868185536566652,,14.9399995803833,,0.028399999999999998,0.0277,85.16263580322266,0.3459825,0,-0.668577,,High_Vol,3.858099594745024e-05,0.0001360851595927602
2018-05-31,JPM,US,Financials,large,86.03092956542969,-0.012444497564245656,0.23413670118364763,0.23664575632614518,0.3755291943556583,0.24337935627510385,0.3585826628965441,0.3755291943556583,0.22348443219401384,,15.430000305175781,,0.028300000000000002,0.028399999999999998,87.10823059082031,,0,0.3459825,,High_Vol,0.0005354219137613421,0.0006229928751829358
2018-06-01,JPM,US,Financials,large,87.14840698242188,0.012905615061667404,0.23664575632614518,0.24010652509811126,0.374638656252778,0.24448890353110211,0.1975502744768583,0.374638656252778,0.2265392691210124,,13.460000038146973,,0.028900000000000002,0.028300000000000002,86.03092956542969,0.121348,0,,,High_Vol,0.0003011987939833677,0.00037551827456651365
2018-06-04,JPM,US,Financials,large,87.18863677978516,0.00046151749747716704,0.24010652509811126,0.23688708364400474,0.407322511625647,0.24610704753824297,0.20487028781700878,0.407322511625647,0.23121163515968948,,12.739999771118164,,0.0294,0.028900000000000002,87.14840698242188,,0,0.121348,,High_Vol,0.0007841123922974758,0.0006503452312858898
2018-06-05,JPM,US,Financials,large,86.6982192993164,-0.005640665336434108,0.23688708364400474,0.23540955093482038,0.40927194100267145,0.24611440924487046,0.007326363144176781,0.40927194100267145,0.22956243160455816,,12.399999618530273,,0.0292,0.0294,87.18863677978516,,0,,,High_Vol,0.0006692118679226117,0.0006129573465511809
2018-06-06,JPM,US,Financials,large,88.7241439819336,0.02309870556558049,0.23540955093482038,0.24441154391293002,0.22447465337469533,0.2386283086992709,0.08954278625488278,0.22447465337469533,0.2293412044353718,,11.640000343322754,,0.0297,0.0292,86.6982192993164,0.153832,0,,,High_Vol,0.0004413807927902344,0.0007531461320941929
2018-06-07,JPM,US,Financials,large,89.07791137695312,0.0039793450209155415,0.24441154391293002,0.23116737338995916,0.2272094745323143,0.24382036559389977,0.36668058320417724,0.2272094745323143,0.23955334565119263,,12.130000114440918,,0.029300000000000003,0.0297,88.7241439819336,0.1326245,0,0.153832,,High_Vol,0.002553585714609813,0.0012937016270030133
2018-06-08,JPM,US,Financials,large,89.32713317871094,0.0027938892030040506,0.23116737338995916,0.22930524578757974,0.17849108758444285,0.2429229918440792,0.06317014383759387,0.17849108758444285,0.23824241643823568,,12.180000305175781,,0.029300000000000003,0.029300000000000003,89.07791137695312,,0,0.1326245,,High_Vol,0.0016103634863834787,0.0014559510687139482
2018-06-11,JPM,US,Financials,large,89.10203552246094,-0.002523105132461765,0.22930524578757974,0.22917784591527612,0.1715759138739202,0.24202602520569338,0.04435161613090303,0.1715759138739202,0.2331314277761909,,12.350000381469727,,0.0296,0.029300000000000003,89.32713317871094,-0.080589,0,,,High_Vol,0.0017005655530932806,0.0016889999250386256
2018-06-12,JPM,US,Financials,large,88.5875015258789,-0.005791398224830184,0.22917784591527612,0.22961040410046651,0.17768202777912673,0.24197955895806328,0.040053052272987076,0.17768202777912673,0.22035302655934352,,12.34000015258789,,0.0296,0.0296,89.10203552246094,,0,-0.080589,,High_Vol,0.0014698960460640537,0.00150497747375207
2018-06-13,JPM,US,Financials,large,88.41063690185547,-0.0019984920119558492,0.22961040410046651,0.22852092894499237,0.17821794343935754,0.24216543919379785,0.0919355966774496,0.17821794343935754,0.2186363220423355,,12.9399995803833,,0.0298,0.0296,88.5875015258789,0.100161,0,,,High_Vol,0.0010864622185111153,0.0010207848782828668
2018-06-14,JPM,US,Financials,large,86.85094451904297,-0.017798921429753818,0.22852092894499237,0.23515269924562782,0.06400958320425196,0.24171488429318133,0.0317250771647058,0.06400958320425196,0.21851344722524405,,12.119999885559082,,0.0294,0.0298,88.41063690185547,,0,0.100161,,High_Vol,0.0009107747550710227,0.0013230929120252033
2018-06-15,JPM,US,Financials,large,86.74646759033203,-0.0012036693410974872,0.23515269924562782,0.23516051870687377,0.1230420908215845,0.2442441760983054,0.2825491182498408,0.1230420908215845,0.22512283381410536,,11.979999542236328,,0.029300000000000003,0.0294,86.85094451904297,,0,,,High_Vol,0.0004819543339830562,0.00048218724710143157
2018-06-18,JPM,US,Financials,large,86.9715805053711,0.002591705853393431,0.23516051870687377,0.22970429413756738,0.10948521283141044,0.24421670490113606,0.019107658423781572,0.10948521283141044,0.22437132272466287,,12.3100004196167,,0.0292,0.029300000000000003,86.74646759033203,-0.42352,0,,,High_Vol,0.0004491968642717642,0.000316265807512095
2018-06-19,JPM,US,Financials,large,86.46508026123047,-0.00584076840295591,0.22970429413756738,0.22677322602731015,0.12433046998553632,0.22830097958184967,0.04114205495705667,0.12433046998553632,0.2243337049904646,,13.350000381469727,,0.028900000000000002,0.0292,86.9715805053711,,0,-0.42352,,High_Vol,0.00037008903751454755,0.00030475469621901036
2018-06-20,JPM,US,Financials,large,86.4570083618164,-9.33588008819071e-05,0.22677322602731015,0.2240158351692615,0.12435475847872267,0.22165529038527848,0.0927193239584714,0.12435475847872267,0.22465551789747845,,12.789999961853027,,0.029300000000000003,0.028900000000000002,86.46508026123047,0.096893,0,,,High_Vol,0.00021111739820084234,0.00017335281023843525
2018-06-21,JPM,US,Financials,large,86.43291473388672,-0.0002787163954295537,0.2240158351692615,0.22399710883862334,0.1277949009077065,0.2125294913827342,0.0014820250189963426,0.1277949009077065,0.21907647728778823,,14.640000343322754,,0.028999999999999998,0.029300000000000003,86.4570083618164,,0,0.096893,,High_Vol,0.00017267602854487314,0.00017244110230143703
2018-06-22,JPM,US,Financials,large,85.0179672241211,-0.016505947572025313,0.22399710883862334,0.22753542709726862,0.04874209455449138,0.20870880843669468,0.004424485611737632,0.04874209455449138,0.21588888132844314,,13.770000457763672,,0.028999999999999998,0.028999999999999998,86.43291473388672,,0,,,High_Vol,0.00016909184427863627,0.00021764952162635527
2018-06-25,JPM,US,Financials,large,84.24616241455078,-0.00911959504082654,0.22753542709726862,0.2285781656277819,0.12098632683132697,0.21141035783347312,0.2620237945742962,0.12098632683132697,0.21850900333873163,,17.329999923706055,,0.0287,0.028999999999999998,85.0179672241211,0.318969,0,,,High_Vol,7.48824283096491e-05,8.121053434367864e-05
2018-06-26,JPM,US,Financials,large,84.30244445800781,0.000667843497412937,0.2285781656277819,0.16983969512601257,0.10856286994163673,0.20866089177131308,0.14476908321386975,0.10856286994163673,0.21943417208500857,,15.920000076293945,,0.0288,0.0287,84.24616241455078,0.161935,0,0.318969,,High_Vol,4.408966689561401e-05,2.8699520048221365e-08
2018-06-27,JPM,US,Financials,large,83.0000228881836,-0.015569978158985918,0.16983969512601257,0.15431780050793173,0.11980422810989609,0.20498233198158713,0.010601686853197439,0.11980422810989609,0.21789784137938092,,17.90999984741211,,0.028300000000000002,0.0288,84.30244445800781,,0,0.161935,,Low_Vol,3.106754650739795e-08,1.1144289497474017e-09
2018-06-28,JPM,US,Financials,large,84.35868835449219,0.016236923739527523,0.15431780050793173,0.16293826332690736,0.12933800553166327,0.20519070429692915,0.24716574076430423,0.12933800553166327,0.2221289403336224,,16.850000381469727,,0.028399999999999998,0.028300000000000002,83.0000228881836,0.297139,0,,,Low_Vol,1.173956333165759e-10,1.038517489205634e-09
2018-06-29,JPM,US,Financials,large,83.77181243896484,-0.006981223470184295,0.16293826332690736,0.15558353350108672,0.21651587841176861,0.20559169853139886,0.2577531736290643,0.21651587841176861,0.1793985441470637,,16.09000015258789,,0.0285,0.028399999999999998,84.35868835449219,-0.09749833333333334,0,0.297139,,Low_Vol,8.565810164262847e-09,1.653725204830253e-09
2018-07-02,JPM,US,Financials,large,84.47929382324219,0.008409876995983083,0.15558353350108672,0.15973773356786505,0.19357875327538054,0.20389975065165783,0.11082348689444994,0.19357875327538054,0.16081934038415865,,15.600000381469727,,0.0287,0.0285,83.77181243896484,0.144184,0,-0.09749833333333334,,Low_Vol,6.247943744829286e-10,1.7033819627964946e-09
2018-07-03,JPM,US,Financials,large,83.29749298095703,-0.01408800837026161,0.15973773356786505,0.16530430776726915,0.1983430849386011,0.19852818539022576,0.1335026585280851,0.1983430849386011,0.15970119243880343,,16.139999389648438,,0.028300000000000002,0.0287,84.47929382324219,0.106563,0,0.144184,,Low_Vol,5.200558833264724e-09,1.6633955520846923e-08
2018-07-05,JPM,US,Financials,large,83.83905792236328,0.006480531443694606,0.16530430776726915,0.1405021851619468,0.22382969238636757,0.19865938912954093,0.2236401996954515,0.22382969238636757,0.15796856920449423,,14.970000267028809,,0.028399999999999998,0.028300000000000002,83.29749298095703,0.015729,0,0.106563,,Low_Vol,2.833650336570168e-09,2.91648507685995e-12
2018-07-06,JPM,US,Financials,large,84.11389923095703,0.0032728397115695286,0.1405021851619468,0.14006965595104479,0.19496219105685195,0.19491147696951588,0.10287524738130184,0.19496219105685195,0.16041344172748237,,13.369999885559082,,0.0282,0.028399999999999998,83.83905792236328,,0,0.015729,0.09322333333333335,Low_Vol,8.963703278271325e-12,7.752717955028805e-12
2018-07-09,JPM,US,Financials,large,86.71669006347656,0.03047454526756233,0.14006965595104479,0.18283994681412233,0.15246043623878555,0.19235335161741815,0.051954719746736024,0.15246043623878555,0.16067606901022258,,12.6899995803833,,0.0286,0.0282,84.11389923095703,0.214609,0,,,Low_Vol,1.3538015473711328e-11,2.1987241441051483e-07
2018-07-10,JPM,US,Financials,large,86.18318176269531,-0.006171317403237473,0.18283994681412233,0.1835723433741077,0.2524829320530975,0.19604947303262127,0.4837684085745015,0.2524829320530975,0.17542061658557967,,12.640000343322754,,0.0287,0.0286,86.71669006347656,,0,0.214609,,Low_Vol,4.324438103626017e-06,4.733141537905132e-06
2018-07-11,JPM,US,Financials,large,85.9972915649414,-0.002159249145796547,0.1835723433741077,0.1829412388909591,0.26778263244238015,0.18840822057302445,0.09796662666366762,0.26778263244238015,0.17529908016986565,,13.630000114440918,,0.0285,0.0287,86.18318176269531,0.22333950000000002,0,,,Low_Vol,2.670234043638609e-06,2.4614713679627716e-06
2018-07-12,JPM,US,Financials,large,86.3691177368164,0.004314375987067084,0.1829412388909591,0.18407454604388745,0.2273806465017959,0.18843870517087366,0.03427701755043787,0.2273806465017959,0.17464293479287293,,12.579999923706055,,0.0285,0.0285,85.9972915649414,,0,0.22333950000000002,,Low_Vol,2.0024302059482837e-06,2.321788947577414e-06
2018-07-13,JPM,US,Financials,large,85.9730224609375,-0.004596623586630759,0.18407454604388745,0.1739407278490012,0.22783955648015164,0.18869462922963892,0.06848859554524996,0.22783955648015164,0.17579816163690729,,12.180000305175781,,0.028300000000000002,0.0285,86.3691177368164,0.136093,0,,,Low_Vol,3.4744850528119903e-06,8.781435929635701e-07
2018-07-16,JPM,US,Financials,large,89.3841552734375,0.03890987766667145,0.1739407278490012,0.22313616374461084,0.24017258962653437,0.1882205474488061,0.07296913728479251,0.24017258962653437,0.17548755536760088,,12.829999923706055,,0.0285,0.028300000000000002,85.9730224609375,,0,0.136093,,Low_Vol,5.439353025530019e-07,0.00011137654875962005
2018-07-17,JPM,US,Financials,large,89.31947326660156,-0.0007239025887611079,0.22313616374461084,0.22323091787212224,0.2983485340347458,0.19977985409514679,0.6176751590997529,0.2983485340347458,0.22212562351099976,,12.0600004196167,,0.0286,0.0285,89.3841552734375,,0,,,High_Vol,0.001248446603100889,0.00125523186805096
2018-07-18,JPM,US,Financials,large,90.15205383300781,0.009278201980892995,0.22323091787212224,0.22323885522357548,0.2865529191835743,0.19973400157934562,0.011491597339786516,0.2865529191835743,0.21255926454937582,,12.100000381469727,,0.0288,0.0286,89.31947326660156,0.369983,0,,,High_Vol,0.0012042668133408208,0.0012048165036697422
2018-07-19,JPM,US,Financials,large,88.82640838623047,-0.01481373426310805,0.22323885522357548,0.23112245250691582,0.2743930085643123,0.20038238686257917,0.14728689033161835,0.2743930085643123,0.21404829811258594,,12.869999885559082,,0.028399999999999998,0.0288,90.15205383300781,0.1458965,0,0.369983,,High_Vol,0.002046357006349947,0.0030591637109688985
2018-07-20,JPM,US,Financials,large,89.9499740600586,0.012569674491920499,0.23112245250691582,0.23439685338577204,0.3256944545384799,0.20249540526231577,0.23516074109028343,0.3256944545384799,0.2212133975322802,,12.859999656677246,,0.028900000000000002,0.028399999999999998,88.82640838623047,0.10571749999999999,0,0.1458965,,High_Vol,0.0013680067056578565,0.0016315405740487815
2018-07-23,JPM,US,Financials,large,91.62317657470703,0.018430587035894685,0.23439685338577204,0.23059949313792166,0.3144053672631882,0.20395206011270972,0.1995373965999228,0.3144053672631882,0.2231888150729962,,12.619999885559082,,0.0296,0.028900000000000002,89.9499740600586,0.121954,0,0.10571749999999999,,High_Vol,0.003187815442515257,0.0026477170559059404
2018-07-24,JPM,US,Financials,large,92.26985168457031,0.0070331951317146755,0.23059949313792166,0.22572806505256218,0.20717864922526938,0.20731382819923586,0.29257649888345044,0.20717864922526938,0.2300081271329015,,12.40999984741211,,0.029500000000000002,0.0296,91.62317657470703,0.40382799999999996,0,0.121954,,High_Vol,0.006868595671612465,0.005542797690223866
2018-07-25,JPM,US,Financials,large,93.10240936279297,0.00898260906543382,0.22572806505256218,0.22576159454285522,0.20102697094230954,0.20721448066733014,0.1116485114442432,0.20102697094230954,0.2302266156962094,,12.289999961853027,,0.0294,0.029500000000000002,92.26985168457031,,0,0.40382799999999996,0.22947579999999998,High_Vol,0.00792367925162768,0.00793498918695068
2018-07-26,JPM,US,Financials,large,92.83568572998047,-0.002868952869794096,0.22576159454285522,0.21466856599339323,0.2007803724818958,0.20743469394811911,0.14259449826991324,0.2007803724818958,0.22029923045802438,,12.140000343322754,,0.0298,0.0294,93.10240936279297,,0,,,High_Vol,0.012343224450933166,0.007762957082211641
2018-07-27,JPM,US,Financials,large,93.78948974609375,0.010221689740980384,0.21466856599339323,0.21175734407450944,0.12456020643349232,0.20757959117339544,0.04554321489984149,0.12456020643349232,0.21677591282189737,,13.029999732971191,,0.0296,0.0298,92.83568572998047,0.0030084999999999973,0,,,High_Vol,0.006680978009996119,0.005834669369253254
2018-07-30,JPM,US,Financials,large,94.35530853271484,0.006014734370547639,0.21175734407450944,0.2067266641886432,0.12118813058795572,0.2075778849148538,0.16226429420096597,0.12118813058795572,0.21720627023343772,,14.260000228881836,,0.0298,0.0296,93.78948974609375,0.344082,0,0.0030084999999999973,,High_Vol,0.010053057842302149,0.008044161140950135
2018-07-31,JPM,US,Financials,large,92.91651153564453,-0.01536616995620781,0.2067266641886432,0.21978708030423333,0.08186098515258129,0.20718311536889358,0.09548094807949004,0.08186098515258129,0.20478861542739454,,12.829999923706055,,0.0296,0.0298,94.35530853271484,,0,0.344082,,High_Vol,0.01111167549167813,0.018708529073353963
2018-08-01,JPM,US,Financials,large,93.49042510986328,0.00615766127547626,0.21978708030423333,0.20820394812507662,0.16948263991257428,0.20905186083107927,0.24393038584606883,0.16948263991257428,0.2132700968903697,,13.149999618530273,,0.03,0.0296,92.91651153564453,-0.049255,0,,,High_Vol,0.008758564316819373,0.005153773333076317
2018-08-02,JPM,US,Financials,large,93.88648986816406,0.0042274721857138995,0.20820394812507662,0.20825585506364097,0.16256213780793083,0.20873051520717392,0.09774984235609785,0.16256213780793083,0.2094640464803046,,12.1899995803833,,0.0298,0.03,93.49042510986328,0.273293,0,-0.049255,,High_Vol,0.007250421857253053,0.007267843147987674
2018-08-03,JPM,US,Financials,large,94.64630126953125,0.008060300920865019,0.20825585506364097,0.20822155364515132,0.16017345264642358,0.2068938165080878,0.06710904046704984,0.16017345264642358,0.20912244252635043,,11.640000343322754,,0.029500000000000002,0.0298,93.88648986816406,-0.121322,0,0.273293,,High_Vol,0.009118642383634468,0.009104768902706672
2018-08-06,JPM,US,Financials,large,94.6705551147461,0.0002562248899622527,0.20822155364515132,0.18751635072175177,0.15401398327970872,0.20292908288814335,0.1279533103737225,0.15401398327970872,0.19827147880641277,,11.270000457763672,,0.0294,0.029500000000000002,94.64630126953125,-0.0277175,0,-0.121322,,High_Vol,0.013875618747192342,0.005266698438061657
2018-08-07,JPM,US,Financials,large,95.01815795898438,0.0036649859413624597,0.18751635072175177,0.18337493020243442,0.14948959597930192,0.20238842530445705,0.004067444031270064,0.14948959597930192,0.19913453401549608,,10.930000305175781,,0.0298,0.0294,94.6705551147461,,0,-0.0277175,,Low_Vol,0.005347503099724482,0.004262170076550165
2018-08-08,JPM,US,Financials,large,95.21212005615234,0.002039235461435499,0.18337493020243442,0.1818365870459384,0.046418465691974393,0.202292343432425,0.05817984815635813,0.046418465691974393,0.19908577934105995,,10.850000381469727,,0.0296,0.0298,95.01815795898438,,0,,,Low_Vol,0.005383525870496675,0.004948528227918636
2018-08-09,JPM,US,Financials,large,94.47657775878906,-0.007755295833732578,0.1818365870459384,0.18747870320324625,0.04621140144205739,0.20231227461779902,0.032371859373974264,0.04621140144205739,0.17855222998030212,,11.270000457763672,,0.029300000000000003,0.0296,95.21212005615234,0.142181,0,,,Low_Vol,0.005623129898007617,0.007544986265268616
2018-08-10,JPM,US,Financials,large,93.54700469970703,-0.009887915342095615,0.18747870320324625,0.19177036181684462,0.09219459303477974,0.20232775013194493,0.12311150471875036,0.09219459303477974,0.17973798137030064,,13.15999984741211,,0.0287,0.029300000000000003,94.47657775878906,0.234724,0,0.142181,,Low_Vol,0.004700238552927505,0.005897509420899061
2018-08-13,JPM,US,Financials,large,92.0596923828125,-0.016026837134612767,0.19177036181684462,0.15573361436941457,0.09665031471087883,0.20342242634852772,0.1569657898802709,0.09665031471087883,0.18483804260612038,,14.779999732971191,,0.0288,0.0287,93.54700469970703,,0,0.234724,,Low_Vol,0.0032152602089309257,0.00021746578915088702
2018-08-14,JPM,US,Financials,large,92.67401885986328,0.006650965191949959,0.15573361436941457,0.15655079005080294,0.13185116725719895,0.20607182714931863,0.25441815216672237,0.13185116725719895,0.19663581608397554,,13.3100004196167,,0.028900000000000002,0.0288,92.0596923828125,0.193598,0,,,Low_Vol,4.856137421713289e-05,5.333154149706788e-05
2018-08-15,JPM,US,Financials,large,91.90609741210938,-0.008320786592586114,0.15655079005080294,0.15792357768711612,0.14600454087642178,0.20355075433267686,0.10558079925867937,0.14600454087642178,0.19516915238466379,,14.640000343322754,,0.0286,0.028900000000000002,92.67401885986328,,0,0.193598,,Low_Vol,0.00010026290988213345,0.00011585929422167247
2018-08-16,JPM,US,Financials,large,92.77103424072266,0.009367084545406608,0.15792357768711612,0.1489539479536602,0.13245099504485494,0.20357147093106046,0.13208839221854027,0.13245099504485494,0.15298515203624563,,13.449999809265137,,0.0287,0.0286,91.90609741210938,0.083307,0,,,Low_Vol,5.3012827693960964e-05,1.7678598738258113e-05
2018-08-17,JPM,US,Financials,large,92.77103424072266,0.0,0.1489539479536602,0.14391436566101656,0.17560321750798064,0.20386746817072846,0.1486978573011744,0.17560321750798064,0.15520707892546176,,12.640000343322754,,0.0287,0.0287,92.77103424072266,,0,0.083307,,Low_Vol,4.682840700205755e-05,2.4754901905042932e-05
2018-08-20,JPM,US,Financials,large,92.64977264404297,-0.001307961236977388,0.14391436566101656,0.12953297072484607,0.1672852762387629,0.20360716046833924,0.0,0.1672852762387629,0.15294778223259806,,12.489999771118164,,0.0282,0.0287,92.77103424072266,,0,,,Low_Vol,2.4754901905042932e-05,2.7285448106104354e-06
2018-08-21,JPM,US,Financials,large,93.21559143066406,0.006088498923259198,0.12953297072484607,0.12894863012728797,0.11076927062197905,0.20218329020070208,0.02076324094532753,0.11076927062197905,0.1423333312349241,,12.859999656677246,,0.0285,0.0282,92.64977264404297,0.005271,0,,,Low_Vol,2.284532002483808e-06,2.055456238608355e-06
2018-08-22,JPM,US,Financials,large,92.93267822265625,-0.0030396567893579913,0.12894863012728797,0.12548657320204568,0.1091099459703615,0.2021337142266719,0.09665192405177023,0.1091099459703615,0.13814016599262258,,12.25,,0.0282,0.0285,93.21559143066406,0.182789,0,0.005271,,Low_Vol,4.582154197049814e-06,2.4824324300061853e-06
2018-08-23,JPM,US,Financials,large,92.73867797851562,-0.0020897172154979676,0.12548657320204568,0.12528812703022885,0.08365616708824093,0.17988651580438883,0.04825305561378174,0.08365616708824093,0.12530428884492037,,12.40999984741211,,0.0282,0.0282,92.93267822265625,0.20773233333333332,0,0.182789,,Low_Vol,1.6322383160781895e-06,1.5717048875124975e-06
2018-08-24,JPM,US,Financials,large,92.69827270507812,-0.0004357844963260606,0.12528812703022885,0.11926340190155053,0.05743560373633631,0.1745333297579184,0.033173232375947964,0.05743560373633631,0.12351443004885482,,11.989999771118164,,0.0282,0.0282,92.73867797851562,,0,0.20773233333333332,,Low_Vol,1.1753519631457364e-06,3.3347201524482056e-07
2018-08-27,JPM,US,Financials,large,94.33914947509766,0.01754642306004132,0.11926340190155053,0.13385874765418704,0.05748555563090282,0.1722901110446296,0.006917864414977782,0.05748555563090282,0.11955557053472433,,12.15999984741211,,0.0285,0.0282,92.69827270507812,0.220855,0,,,Low_Vol,3.119080325417604e-07,5.123869664643466e-06
2018-08-28,JPM,US,Financials,large,93.87841796875,-0.0048957430791434576,0.13385874765418704,0.12261341810689075,0.13596584342427254,0.17388687012975942,0.2785408308935898,0.13596584342427254,0.1332622746927477,,12.5,,0.0288,0.0285,94.33914947509766,,0,0.220855,,Low_Vol,4.114272250535598e-05,7.448524083667699e-06
2018-08-29,JPM,US,Financials,large,93.57124328613281,-0.0032774127786501916,0.12261341810689075,0.12142267899400046,0.1454057866302943,0.17434602335399474,0.07771751202167519,0.1454057866302943,0.13012664650309058,,12.25,,0.028900000000000002,0.0288,93.87841796875,,0,,,Low_Vol,3.8666202976134515e-06,3.107266778877441e-06
2018-08-30,JPM,US,Financials,large,93.11051177978516,-0.004936020037249011,0.12142267899400046,0.12159111115035079,0.1458739322806213,0.17401507585636328,0.05202731493608152,0.1458739322806213,0.1288030558075554,,13.529999732971191,,0.0286,0.028900000000000002,93.57124328613281,0.1812555,0,,,Low_Vol,1.965372080572989e-06,2.030212556631834e-06
2018-08-31,JPM,US,Financials,large,92.61742401123047,-0.005309798172924411,0.12159111115035079,0.11845224072772928,0.1514203723752733,0.16838934583021906,0.07835688890995597,0.1514203723752733,0.1186792965176826,,12.859999656677246,,0.0286,0.0286,93.11051177978516,,0,0.1812555,,Low_Vol,9.993942282364898e-07,5.158197082600274e-07
2018-09-04,JPM,US,Financials,large,93.07817840576172,0.004962479822746898,0.11845224072772928,0.12032147078490098,0.15774833989636172,0.16871702404125682,0.08429043286501878,0.15774833989636172,0.11799349548160137,,13.15999984741211,,0.028999999999999998,0.0286,92.61742401123047,0.206377,0,,,Low_Vol,2.2759752090928696e-07,3.4750464522255735e-07
2018-09-05,JPM,US,Financials,large,92.62550354003906,-0.004875248111172079,0.12032147078490098,0.11989091659765126,0.0690489743456792,0.16889319638152347,0.0787769249829851,0.0690489743456792,0.11836700995852574,,13.90999984741211,,0.028999999999999998,0.028999999999999998,93.07817840576172,0.1309945,0,0.206377,,Low_Vol,7.343650526401316e-07,6.706045544158248e-07
2018-09-06,JPM,US,Financials,large,92.22945404052734,-0.004284982244309688,0.11989091659765126,0.11967355029880512,0.06900789336476766,0.1691526536375173,0.07739216449139219,0.06900789336476766,0.11533887338535229,,14.649999618530273,,0.0288,0.028999999999999998,92.62550354003906,,0,0.1309945,,Low_Vol,3.216013745718435e-07,3.0631756879930785e-07
2018-09-07,JPM,US,Financials,large,92.4072494506836,0.0019258951416383121,0.11967355029880512,0.11798206729690416,0.06991555608029816,0.16893580926628105,0.06802198434462509,0.06991555608029816,0.11577751310293458,,14.880000114440918,,0.0294,0.0288,92.22945404052734,0.239352,0,,,Low_Vol,1.573577770823223e-07,1.0490116863008965e-07
2018-09-10,JPM,US,Financials,large,91.91417694091797,-0.005350150501378234,0.11798206729690416,0.11455259725774192,0.07410269648093547,0.16886232286044892,0.03057263757577494,0.07410269648093547,0.11505018484808315,,14.15999984741211,,0.0294,0.0294,92.4072494506836,0.090238,0,0.239352,,Low_Vol,1.438915567861464e-07,6.110568441628621e-08
2018-09-11,JPM,US,Financials,large,92.49617767333984,0.0063120388870725385,0.11455259725774192,0.10215059693783554,0.07423327537871093,0.16490673257020616,0.08493100622048604,0.07423327537871093,0.1152204181110676,,13.220000267028809,,0.0298,0.0294,91.91417694091797,0.145549,0,0.090238,,Low_Vol,2.4537760688775966e-08,4.393297627328771e-10
2018-09-12,JPM,US,Financials,large,91.40493774414062,-0.01186782075444468,0.10215059693783554,0.10772580518248616,0.08188669758624927,0.16520763609425732,0.10020051096577709,0.08188669758624927,0.11603945252963284,,13.140000343322754,,0.0297,0.0298,92.49617767333984,0.23851050000000001,0,0.145549,,Low_Vol,1.6786953955457285e-09,1.060195062128049e-08
2018-09-13,JPM,US,Financials,large,91.76061248779297,0.0038836472278433215,0.10772580518248616,0.10493346597548296,0.11117515017561565,0.1672832481080979,0.18839581392330942,0.11117515017561565,0.11804300628410717,,12.369999885559082,,0.0297,0.0297,91.40493774414062,0.25306575,0,0.23851050000000001,,Low_Vol,1.0621336935169003e-09,3.884783850519565e-10
2018-09-14,JPM,US,Financials,large,91.74444580078125,-0.000176198816581135,0.10493346597548296,0.0988294267974325,0.11850409554010723,0.16681375969541187,0.061650988468672986,0.11850409554010723,0.106394279020766,,12.069999694824219,,0.029900000000000003,0.0297,91.76061248779297,0.350603,0,0.25306575,0.19334305000000002,Low_Vol,8.705890607069569e-10,7.973845842517027e-11
2018-09-17,JPM,US,Financials,large,92.01925659179688,0.002990917055974959,0.0988294267974325,0.09961983587544541,0.1161286281062725,0.16681614546158063,0.002797069499865404,0.1161286281062725,0.10363219489693734,,13.680000305175781,,0.029900000000000003,0.029900000000000003,91.74444580078125,0.27906,0,0.350603,0.21559325000000001,Low_Vol,7.685524927644094e-11,1.073189614410598e-10
2018-09-18,JPM,US,Financials,large,92.3910903930664,0.0040326837540559405,0.09961983587544541,0.10077615733346312,0.11350141342086409,0.16684456682765572,0.04747933633278716,0.11350141342086409,0.10035318680089433,,12.789999961853027,,0.0305,0.029900000000000003,92.01925659179688,-0.22448800000000002,0,0.27906,0.25335765,Low_Vol,2.107407530376391e-10,3.339259490773895e-10
2018-09-19,JPM,US,Financials,large,95.07473754882812,0.028632743664860974,0.10077615733346312,0.14242301318400818,0.1067578666015067,0.1628795099903594,0.06401686997641429,0.1067578666015067,0.09594083892065801,,11.75,,0.0308,0.0305,92.3910903930664,,0,-0.22448800000000002,0.17935025,Low_Vol,8.088922525066587e-10,1.3043903811029399e-05
2018-09-20,JPM,US,Financials,large,95.89112091064453,0.00855009729817428,0.14242301318400818,0.1440094452029545,0.1861881257396266,0.1706683891429504,0.45453071454409366,0.1861881257396266,0.13683442220222677,,11.800000190734863,,0.030699999999999998,0.0308,95.07473754882812,0.118119,0,,,Low_Vol,0.00026139398191439914,0.0003075309407923506
2018-09-21,JPM,US,Financials,large,95.2606430053711,-0.006596645290258483,0.1440094452029545,0.14639608422433956,0.18280598369810774,0.17116633340721038,0.13572858681824648,0.18280598369810774,0.1387933097191863,,11.680000305175781,,0.030699999999999998,0.030699999999999998,95.89112091064453,-0.256763,0,0.118119,,Low_Vol,0.000679429370241659,0.0008407470899046282
2018-09-24,JPM,US,Financials,large,94.34721374511719,-0.009635005028661629,0.14639608422433956,0.15143251288762127,0.206789864477725,0.16816079685243013,0.10471849755197664,0.206789864477725,0.14046003185827063,,12.199999809265137,,0.0308,0.030699999999999998,95.2606430053711,0.1110685,0,-0.256763,,Low_Vol,0.0004653862460157823,0.0007335513986753278
2018-09-25,JPM,US,Financials,large,94.08048248291016,-0.002831127755707433,0.15143251288762127,0.1384046929820273,0.24084183795854225,0.16735698128615284,0.15295096312017256,0.24084183795854225,0.14444570670924514,,12.420000076293945,,0.031,0.0308,94.34721374511719,0.1193145,0,0.1110685,,Low_Vol,0.0003136273132093026,7.607083521452007e-05
2018-09-26,JPM,US,Financials,large,92.97306823730469,-0.01184075020133677,0.1384046929820273,0.14366706635462387,0.24741264298130192,0.1666345742822945,0.04494275982872576,0.24741264298130192,0.1446383800431676,,12.890000343322754,,0.030600000000000002,0.031,94.08048248291016,0.099981,0,0.1193145,,Low_Vol,5.6264071055327734e-05,0.00010600515703212618
2018-09-27,JPM,US,Financials,large,92.56892395019531,-0.004356371530753409,0.14366706635462387,0.143995933031868,0.12742610179862593,0.16843170522546536,0.18796608221505046,0.12742610179862593,0.1506924001681158,,12.40999984741211,,0.030600000000000002,0.030600000000000002,92.97306823730469,,0,0.099981,0.038344000000000024,Low_Vol,3.0805928645847355e-05,3.214722626178595e-05
2018-09-28,JPM,US,Financials,large,91.2109603881836,-0.01477842128308929,0.143995933031868,0.1519985130489757,0.058807267439506435,0.16571996747658937,0.06915525413385173,0.058807267439506435,0.13802342569531034,,12.119999885559082,,0.0305,0.030600000000000002,92.56892395019531,,0,,,Low_Vol,2.0087268188572708e-05,5.4859252911684635e-05
2018-10-01,JPM,US,Financials,large,91.74444580078125,0.005831879316740863,0.1519985130489757,0.1529802835145967,0.07976677237766051,0.1688307271039969,0.23460016491119004,0.07976677237766051,0.14534844408109962,,12.0,,0.030899999999999997,0.0305,91.2109603881836,0.039149,0,,,Low_Vol,1.2067562555781843e-05,1.3758300267673138e-05
2018-10-02,JPM,US,Financials,large,92.12435913085938,0.004132445097152683,0.1529802835145967,0.15261703548491137,0.12874298871302775,0.16903301180627672,0.09257821408942564,0.12874298871302775,0.14712780734677883,,12.050000190734863,,0.0305,0.030899999999999997,91.74444580078125,0.24358375,0,0.039149,,Low_Vol,2.5217997166869163e-05,2.409369488383167e-05
2018-10-03,JPM,US,Financials,large,92.98927307128906,0.009344749213057448,0.15261703548491137,0.1555477027136131,0.1464367920680708,0.1579706505987795,0.0656005322021649,0.1464367920680708,0.14734089121850766,,11.609999656677246,,0.0315,0.0305,92.12435913085938,0.08236149999999999,0,0.24358375,,Low_Vol,3.6512143757840964e-05,5.158458180733183e-05
2018-10-04,JPM,US,Financials,large,93.82765197753906,0.008975466588699497,0.1555477027136131,0.1575896026351988,0.1538652368143166,0.15815898645797175,0.14834329489209927,0.1538652368143166,0.1499065895816849,,14.220000267028809,,0.0319,0.0315,92.98927307128906,,0,0.08236149999999999,,Low_Vol,0.00012619603639579813,0.0001556408154630741
2018-10-05,JPM,US,Financials,large,93.298583984375,-0.0056546790481498506,0.1575896026351988,0.15919801384570187,0.1589215731553691,0.1587737763960901,0.14248111496680874,0.1589215731553691,0.15204227660435427,,14.819999694824219,,0.0323,0.0319,93.82765197753906,0.0471945,0,,,Low_Vol,0.0003459250814540904,0.0004002149935588492
2018-10-08,JPM,US,Financials,large,93.86835479736328,0.006088389079190138,0.15919801384570187,0.15881940638553205,0.09673182169779239,0.15931978008573902,0.08976524703175164,0.09673182169779239,0.152387105405893,,15.6899995803833,,0.0323,0.0323,93.298583984375,0.02929125,0,0.0471945,,Low_Vol,0.00024631192322550205,0.00023759689829806058
2018-10-09,JPM,US,Financials,large,93.2171630859375,-0.006961461780968768,0.15881940638553205,0.1599733301034727,0.09696684344747407,0.15913938282605553,0.09665018033123186,0.09696684344747407,0.15266200817986147,,15.949999809265137,,0.0321,0.0323,93.86835479736328,0.088599,0,0.02929125,,Low_Vol,0.0004025809383494672,0.0004459607569785237
2018-10-10,JPM,US,Financials,large,90.73453521728516,-0.02699381022543097,0.1599733301034727,0.18273441755552358,0.12738655180447797,0.13960607775901143,0.11050977980354496,0.12738655180447797,0.1548238074830878,,22.959999084472656,,0.0322,0.0321,93.2171630859375,-0.06985799999999999,0,0.088599,,Low_Vol,0.0002452524751016434,0.0014905607593166809
2018-10-11,JPM,US,Financials,large,88.01580810546875,-0.030421611887114834,0.18273441755552358,0.2105971410920708,0.22537167714340228,0.1506910802198749,0.42851345276737646,0.22537167714340228,0.1797816352397279,,24.979999542236328,,0.031400000000000004,0.0322,90.73453521728516,0.257733,0,-0.06985799999999999,,Low_Vol,0.00020647784913684422,0.0014906180399466146
2018-10-12,JPM,US,Financials,large,87.05532836914062,-0.010972561122651204,0.2105971410920708,0.2127760546300431,0.24514426772106374,0.1620791137128705,0.48292811721019324,0.24514426772106374,0.20419446504120622,,21.309999465942383,,0.0315,0.031400000000000004,88.01580810546875,-0.154369,0,0.257733,0.07059195000000004,High_Vol,0.000211358545865575,0.00024839829709305886
2018-10-15,JPM,US,Financials,large,86.55877685546875,-0.005720190384106278,0.2127760546300431,0.21197291502999274,0.23820345922908145,0.16080623191248963,0.17418400785594468,0.23820345922908145,0.20371071865896784,,21.299999237060547,,0.0316,0.0315,87.05532836914062,-0.235372,0,-0.154369,0.03027925000000003,High_Vol,0.00011803383277370592,0.00011070921995015581
2018-10-16,JPM,US,Financials,large,88.41468048095703,0.02121434024411066,0.21197291502999274,0.22778096980404502,0.18466063994069587,0.15889401737072198,0.0908052072497295,0.18466063994069587,0.20285116087612362,,17.6200008392334,,0.0316,0.0316,86.55877685546875,0.312866,0,-0.235372,-0.02265339999999997,High_Vol,7.407488060671638e-05,0.00024578662545998893
2018-10-17,JPM,US,Financials,large,89.39958953857422,0.011078066233002871,0.22778096980404502,0.2034935895023729,0.327045169209719,0.16041621948968912,0.3367672110853565,0.327045169209719,0.21831410862768014,,17.399999618530273,,0.0319,0.0316,88.41468048095703,,0,0.312866,0.022200000000000032,High_Vol,0.0008818793815898937,0.0001671519946309149
2018-10-18,JPM,US,Financials,large,87.98328399658203,-0.01596924902755804,0.2034935895023729,0.20352432205469675,0.318226064918712,0.16144851847448455,0.1758588495601663,0.318226064918712,0.22207400659370047,,20.059999465942383,,0.0317,0.0319,89.39958953857422,0.337985,0,,,High_Vol,0.00036133667925378546,0.00036214578952185536
2018-10-19,JPM,US,Financials,large,87.83675384521484,-0.001666820085936868,0.20352432205469675,0.20353985429709612,0.24858676629803075,0.1632594113137636,0.25350396930827174,0.24858676629803075,0.22656893920691154,,19.889999389648438,,0.032,0.0317,87.98328399658203,0.1490505,0,0.337985,,High_Vol,0.00011817362311793145,0.00011832533376000993
2018-10-22,JPM,US,Financials,large,86.57508087158203,-0.014467997354615897,0.20353985429709612,0.20600463650076098,0.2310431715051109,0.16321740893303535,0.026459948566057573,0.2310431715051109,0.19852518264531993,,19.639999389648438,,0.032,0.032,87.83675384521484,,0,0.1490505,,High_Vol,0.0001050680305661562,0.00012869453518614578
2018-10-23,JPM,US,Financials,large,85.67156982421875,-0.010490994518304436,0.20600463650076098,0.20707256575893776,0.2559543297814419,0.16385894234096585,0.22967233781672425,0.2559543297814419,0.19689979834197213,,20.709999084472656,,0.0317,0.032,86.57508087158203,0.16023133333333334,0,,,High_Vol,4.483108807253923e-05,4.933146003009703e-05
2018-10-24,JPM,US,Financials,large,84.07615661621094,-0.01879801540208131,0.20707256575893776,0.21168415139491412,0.17770206540026923,0.16418842166138736,0.16653937500705238,0.17770206540026923,0.19780194829742395,,25.229999542236328,,0.031,0.0317,85.67156982421875,,0,0.16023133333333334,,High_Vol,2.2322095569941034e-05,3.428609509151942e-05
2018-10-25,JPM,US,Financials,large,85.35411834716797,0.015085686043588242,0.21168415139491412,0.22342776914334692,0.10551549494727759,0.16556149012580884,0.298409243372814,0.10551549494727759,0.20284394182234894,,24.219999313354492,,0.031400000000000004,0.031,84.07615661621094,0.21335400000000002,0,,,High_Vol,8.169354847283538e-06,2.5028023414667196e-05
2018-10-26,JPM,US,Financials,large,84.18196868896484,-0.013827950804821602,0.22342776914334692,0.22284757842283598,0.21283461081061295,0.16835110383036575,0.23947784176879433,0.21283461081061295,0.2141450945422009,,24.15999984741211,,0.0308,0.031400000000000004,85.35411834716797,0.19737666666666667,0,0.21335400000000002,,High_Vol,7.142420528717316e-05,6.817449732008946e-05
2018-10-29,JPM,US,Financials,large,85.34597778320312,0.013732572253132992,0.22284757842283598,0.22915085000323956,0.21449712020015424,0.16977986852825394,0.21951191382716048,0.21449712020015424,0.21507452350733777,,24.700000762939453,,0.0308,0.0308,84.18196868896484,,0,0.19737666666666667,,High_Vol,2.596853825843925e-05,4.440223653829657e-05
2018-10-30,JPM,US,Financials,large,86.85183715820312,0.017490323714217264,0.22915085000323956,0.23979876414540813,0.25472396015503584,0.17157799338145685,0.217997826258095,0.25472396015503584,0.22377207107387206,,23.350000381469727,,0.031200000000000002,0.0308,85.34597778320312,-0.054862,0,,,High_Vol,0.0001101197116698295,0.00023280534690221788
2018-10-31,JPM,US,Financials,large,88.74027252197266,0.02151017126675952,0.23979876414540813,0.25166394580338625,0.2782805869064701,0.17600562545605308,0.2776502813870066,0.2782805869064701,0.2311188605306174,,21.229999542236328,,0.0315,0.031200000000000002,86.85183715820312,,0,-0.054862,,High_Vol,0.000643193783457674,0.0012348091536944633
2018-11-01,JPM,US,Financials,large,88.70771026611328,-0.0003670062145902963,0.25166394580338625,0.2482552021091751,0.22351104539323094,0.18191527802744734,0.3414633829815173,0.22351104539323094,0.24344107537244655,,19.34000015258789,,0.031400000000000004,0.0315,88.74027252197266,0.129635,0,,,High_Vol,0.0036206533177003397,0.0031065451984715053
2018-11-02,JPM,US,Financials,large,88.21932220458984,-0.005520799113360167,0.2482552021091751,0.2482352781214572,0.23161175741567822,0.18180251054411944,0.005826043040526773,0.23161175741567822,0.24266393722050875,,19.510000228881836,,0.0322,0.031400000000000004,88.70771026611328,0.43453,0,0.129635,,High_Vol,0.0030495766394156854,0.003046791507587937
2018-11-05,JPM,US,Financials,large,88.79724884033203,0.006529656356152697,0.2482352781214572,0.24844966235970006,0.18595897415989054,0.18151474357115907,0.08763996895378134,0.18595897415989054,0.2397294874514512,,19.959999084472656,,0.032,0.0322,88.21932220458984,0.058251500000000005,0,0.43453,,High_Vol,0.0023214452399429736,0.0023453092099161577
2018-11-06,JPM,US,Financials,large,89.21239471435547,0.004664316139139237,0.24844966235970006,0.24927847093756245,0.1823057989816825,0.1812542383534916,0.10365508119055342,0.1823057989816825,0.23847723801014883,,19.90999984741211,,0.0322,0.032,88.79724884033203,0.03434450000000001,0,0.058251500000000005,,High_Vol,0.0032412705195436486,0.0033650116098508653
2018-11-07,JPM,US,Financials,large,90.74266052246094,0.017007609959249295,0.24927847093756245,0.23998033751678816,0.16147395371054898,0.17880703183899502,0.0740437232420842,0.16147395371054898,0.23939713309526692,,16.360000610351562,,0.0322,0.0322,89.21239471435547,,0,0.03434450000000001,,High_Vol,0.004221392454569234,0.002761702651270709
2018-11-08,JPM,US,Financials,large,91.47525024414062,0.008040852468833178,0.23998033751678816,0.21257413728988767,0.1339219718024466,0.18181634935634178,0.26998743808655407,0.1339219718024466,0.24658813777947167,,16.719999313354492,,0.032400000000000005,0.0322,90.74266052246094,-0.19427,0,,,High_Vol,0.00643588732494621,0.0016807219881209284
2018-11-09,JPM,US,Financials,large,90.5880126953125,-0.009746552468714002,0.21257413728988767,0.21162979553034572,0.12798974032053606,0.181845057297613,0.127644575768954,0.12798974032053606,0.24785382136918707,,17.360000610351562,,0.0319,0.032400000000000005,91.47525024414062,0.3423353333333334,0,-0.19427,,High_Vol,0.0026916659921454034,0.0025584751369729375
2018-11-12,JPM,US,Financials,large,88.68329620361328,-0.02125034039226381,0.21162979553034572,0.22583606368800596,0.1532723173105372,0.1818235688364941,0.15472172383475935,0.1532723173105372,0.23242231854862716,,20.450000762939453,,0.0319,0.0319,90.5880126953125,0.137339,0,0.3423353333333334,,High_Vol,0.0014346158428864275,0.0030913469152806794
2018-11-13,JPM,US,Financials,large,89.2042236328125,0.005856834911980256,0.22583606368800596,0.21406849671476622,0.2409989252052236,0.1867736308712924,0.33733869572040487,0.2409989252052236,0.2197809236166382,,20.020000457763672,,0.031400000000000004,0.0319,88.68329620361328,0.2635075,0,0.137339,,High_Vol,0.0009395291978831627,0.00044674019553884656
2018-11-14,JPM,US,Financials,large,87.36463165283203,-0.02083786001339906,0.21406849671476622,0.22283968353858685,0.24267590160982838,0.18725893242644348,0.09297437188236378,0.24267590160982838,0.21674252951550424,,21.25,,0.031200000000000002,0.031400000000000004,89.2042236328125,,0,0.2635075,,High_Vol,0.0006457642966736926,0.0011067632815039696
2018-11-15,JPM,US,Financials,large,89.594970703125,0.025208659264807,0.22283968353858685,0.23417236231909255,0.223360347321782,0.19122054576961245,0.33079077270138585,0.223360347321782,0.22819457319636105,,19.979999542236328,,0.0311,0.031200000000000002,87.36463165283203,0.2689355,0,,,High_Vol,0.00031243775057486836,0.0006446889787627211
2018-11-16,JPM,US,Financials,large,89.52983856201172,-0.0007272263875781701,0.23417236231909255,0.23405908194180577,0.313927700629093,0.19860508118654158,0.40017505980026197,0.313927700629093,0.2329137614380788,,18.139999389648438,,0.0308,0.0311,89.594970703125,,0,0.2689355,,High_Vol,0.0025882220127729783,0.0025737585441681365
2018-11-19,JPM,US,Financials,large,90.21358489990234,0.0076080629021531305,0.23405908194180577,0.22780008026050252,0.3103140527464739,0.198581338903906,0.011544361010254257,0.3103140527464739,0.22995053949909272,,20.100000381469727,,0.030600000000000002,0.0308,89.52983856201172,,0,,,High_Vol,0.0024735436382530007,0.0017910142501083859
2018-11-20,JPM,US,Financials,large,88.27630615234375,-0.02170828626810231,0.22780008026050252,0.2391911788838049,0.2637112398330287,0.1992904565601075,0.12077425438820112,0.2637112398330287,0.22398879558832852,,22.479999542236328,,0.030600000000000002,0.030600000000000002,90.21358489990234,0.202385,0,,,High_Vol,0.002712525798992893,0.00464442589910094
2018-11-21,JPM,US,Financials,large,87.61698150634766,-0.0074969061389944585,0.2391911788838049,0.22964645612014045,0.3152484795928787,0.20038198811762456,0.34460836112878285,0.3152484795928787,0.23689841882768245,,20.799999237060547,,0.030600000000000002,0.030600000000000002,88.27630615234375,,0,0.202385,,High_Vol,0.0015164530250370845,0.0008944269795128426
2018-11-23,JPM,US,Financials,large,86.81112670898438,-0.009240030625041274,0.22964645612014045,0.2275741439500641,0.2771997084586133,0.20066275977776682,0.1190096954770366,0.2771997084586133,0.23284965231839316,,21.520000457763672,,0.0305,0.030600000000000002,87.61698150634766,,0,,,High_Vol,0.0005777580832487875,0.0005076114047010381
2018-11-26,JPM,US,Financials,large,88.93562316894531,0.024177971476173166,0.2275741439500641,0.23493851844580593,0.17243779442265128,0.20130375737116668,0.14668093884287953,0.17243779442265128,0.23217576940382564,,18.899999618530273,,0.030699999999999998,0.0305,86.81112670898438,0.2170315,0,,,High_Vol,0.00028881344712383336,0.0004654686159678602
2018-11-27,JPM,US,Financials,large,89.31004333496094,0.004201176096622636,0.23493851844580593,0.23143718804075597,0.2802220975010535,0.20776538330878805,0.3838133983918046,0.2802220975010535,0.23463413171597486,,19.020000457763672,,0.030600000000000002,0.030699999999999998,88.93562316894531,,0,0.2170315,,High_Vol,0.0018121744710344334,0.001505441525722323
2018-11-28,JPM,US,Financials,large,90.30311584472656,0.011058016391079043,0.23143718804075597,0.2269086225298175,0.2743570659671788,0.20779099592508937,0.06669160299391536,0.2743570659671788,0.23051380795496654,,18.489999771118164,,0.030600000000000002,0.030600000000000002,89.31004333496094,0.221635,0,,,High_Vol,0.0018947367558251327,0.0014860414103923109
2018-11-29,JPM,US,Financials,large,89.58678436279297,-0.007964152155022938,0.2269086225298175,0.21711593362168552,0.21925011706923808,0.20886145392477304,0.17554056818682667,0.21925011706923808,0.22525909029354052,,18.790000915527344,,0.030299999999999997,0.030600000000000002,90.30311584472656,,0,0.221635,,High_Vol,0.0027361869656150617,0.0016225646468608773
2018-11-30,JPM,US,Financials,large,90.50662994384766,0.010215293919291763,0.21711593362168552,0.21980460816146946,0.22088519310007007,0.20923314874051208,0.12642699603401894,0.22088519310007007,0.22504306929023735,,18.06999969482422,,0.0301,0.030299999999999997,89.58678436279297,,0,,,High_Vol,0.0010105411378925483,0.001185409484324551
2018-12-03,JPM,US,Financials,large,91.36129760742188,0.009398841969829305,0.21980460816146946,0.22031016762260497,0.18524620466196265,0.21023722410563636,0.16216276367925794,0.18524620466196265,0.22041251199435585,,16.440000534057617,,0.0298,0.0301,90.50662994384766,,0,,,High_Vol,0.0021367303127559634,0.0021953922415487714
2018-12-04,JPM,US,Financials,large,87.28324890136719,-0.0456633843155723,0.22031016762260497,0.2761208734099488,0.12580661006180144,0.21113323782722526,0.14920199078498872,0.12580661006180144,0.21107837716685723,,20.739999771118164,,0.0291,0.0298,91.36129760742188,-0.356113,0,,,High_Vol,0.0036904410307231073,0.029371474698537625
2018-12-06,JPM,US,Financials,large,85.62273406982422,-0.019207731910749117,0.2761208734099488,0.2827101790417363,0.3854395106480043,0.23060789680649268,0.72488375352343,0.3854395106480043,0.26437362596384467,,21.190000534057617,,0.0287,0.0291,87.28324890136719,-0.018342999999999998,0,-0.356113,,High_Vol,0.00465421977856964,0.005979035928342813
2018-12-07,JPM,US,Financials,large,84.07615661621094,-0.01822781832479984,0.2827101790417363,0.27884163579617605,0.3674958876914724,0.2331339465843132,0.30491329131264994,0.3674958876914724,0.27131350117878655,,23.229999542236328,,0.0285,0.0287,85.62273406982422,0.3233855,0,-0.018342999999999998,,High_Vol,0.0026165781513441955,0.0022184610744873656
2018-12-10,JPM,US,Financials,large,82.50516510009766,-0.018862115834523,0.27884163579617605,0.2800200387000873,0.3699953727209546,0.23472575234048187,0.28935764538411807,0.3699953727209546,0.2755816013884296,,22.639999389648438,,0.0285,0.0285,84.07615661621094,-0.207509,0,0.3233855,,High_Vol,0.0009490952572232397,0.0010049059000752578
2018-12-11,JPM,US,Financials,large,81.69931030273438,-0.00981533865146453,0.2800200387000873,0.28003508677993477,0.309135422708504,0.2371579132399825,0.29942680619184847,0.309135422708504,0.27973101128981614,,21.760000228881836,,0.028900000000000002,0.0285,82.50516510009766,-0.135862,0,-0.207509,,High_Vol,0.00040079156820267,0.0004011174836793113
2018-12-12,JPM,US,Financials,large,82.2283935546875,0.006455102788250649,0.28003508677993477,0.2761683220850425,0.21586748755834897,0.23770298132077183,0.1558136706339314,0.21586748755834897,0.2706564999290808,,21.459999084472656,,0.0291,0.028900000000000002,81.69931030273438,0.33302,0,-0.135862,-0.07888829999999995,High_Vol,0.0002442652988197923,0.0001950031557877551
2018-12-13,JPM,US,Financials,large,82.30982208251953,0.0009897826369933689,0.2761683220850425,0.27445115791826896,0.1744690587399725,0.23811512122143563,0.1024715799904251,0.1744690587399725,0.2698075546332121,,20.649999618530273,,0.0291,0.0291,82.2283935546875,,0,0.33302,0.05893830000000004,High_Vol,0.00027338916914060665,0.0002476234535065732
2018-12-14,JPM,US,Financials,large,81.63420867919922,-0.008242047298549897,0.27445115791826896,0.26777588902679145,0.18022936992011132,0.23787420847908483,0.015712312256965042,0.18022936992011132,0.2699133491576315,,21.6299991607666,,0.028900000000000002,0.0291,82.30982208251953,-0.088326,0,,,High_Vol,0.000260768507501832,0.00017500524141245144
2018-12-17,JPM,US,Financials,large,80.59231567382812,-0.012845092196884704,0.26777588902679145,0.24714263868028635,0.1565368651547486,0.22949780979584092,0.13083844467596856,0.1565368651547486,0.2636609570612653,,24.520000457763672,,0.0286,0.028900000000000002,81.63420867919922,,0,-0.088326,,High_Vol,0.00011096792279532367,2.494880447115994e-05
2018-12-18,JPM,US,Financials,large,80.20975494384766,-0.004758165741022811,0.24714263868028635,0.2465680899734518,0.1284425503097397,0.22927031522471925,0.2039095171239195,0.1284425503097397,0.2630682060056141,,25.579999923706055,,0.0282,0.0286,80.59231567382812,0.134231,0,,,High_Vol,1.0713707633197892e-05,1.0190194304243033e-05
2018-12-19,JPM,US,Financials,large,79.19226837158203,-0.012766467707964154,0.2465680899734518,0.2427837134922081,0.12050539841350862,0.22917453617325367,0.07553353948544232,0.12050539841350862,0.25672131896592837,,25.579999923706055,,0.0277,0.0282,80.20975494384766,,0,0.134231,,High_Vol,7.371933782112988e-06,5.207765328367215e-06
2018-12-20,JPM,US,Financials,large,78.50852966308594,-0.008671395470171378,0.2427837134922081,0.23628648895652554,0.09271562510737845,0.229658921036053,0.20266139205605954,0.09271562510737845,0.23645194673774492,,28.3799991607666,,0.0279,0.0277,79.19226837158203,0.340577,0,,,High_Vol,2.092630894200495e-06,1.0603066008558625e-06
2018-12-21,JPM,US,Financials,large,76.65265655517578,-0.023923014042652287,0.23628648895652554,0.24483225780003112,0.05418539072664235,0.2299611346507459,0.13765413560379286,0.05418539072664235,0.23601157403617057,,30.110000610351562,,0.0279,0.0279,78.50852966308594,0.17300749999999998,0,0.340577,,High_Vol,5.444895189970204e-07,1.3749728944589416e-06
2018-12-24,JPM,US,Financials,large,75.000244140625,-0.021792894231981337,0.24483225780003112,0.25055778964066083,0.11370693725780869,0.23325112179398796,0.37976607460778344,0.11370693725780869,0.23835620682198672,,36.06999969482422,,0.0274,0.0279,76.65265655517578,,0,0.17300749999999998,,High_Vol,2.277910080834253e-07,4.3519219029955524e-07
2018-12-26,JPM,US,Financials,large,78.10967254638672,0.0406225286629184,0.25055778964066083,0.282706504404936,0.13133491718326948,0.23633179271055157,0.34595147091693945,0.13133491718326948,0.2384172996418312,,30.40999984741211,,0.0281,0.0274,75.000244140625,-0.2549015,0,,,High_Vol,8.262591667924361e-08,2.2624975117433636e-06
2018-12-27,JPM,US,Financials,large,78.98876953125,0.011191787127096587,0.282706504404936,0.2872650727240965,0.4196117032470561,0.2518128265738078,0.6448626508120516,0.4196117032470561,0.2885535208445946,,29.959999084472656,,0.0277,0.0281,78.10967254638672,,0,-0.2549015,,High_Vol,2.547088422054128e-05,3.497640893279641e-05
2018-12-28,JPM,US,Financials,large,78.81783294677734,-0.002166406837780319,0.2872650727240965,0.2805203212812898,0.42718030930420614,0.2528155616058404,0.17766411278802963,0.42718030930420614,0.2933839282032802,,28.34000015258789,,0.027200000000000002,0.0277,78.98876953125,-0.397588,0,,,High_Vol,6.41229258559685e-05,4.098697950395127e-05
2018-12-31,JPM,US,Financials,large,79.46087646484375,0.008125502898874164,0.2805203212812898,0.28540732140254177,0.42181766428262796,0.25243957777464204,0.03439064238813944,0.42181766428262796,0.2757229931227014,,25.420000076293945,,0.0269,0.027200000000000002,78.81783294677734,,0,-0.397588,,High_Vol,3.6214474555624956e-05,5.042221760986464e-05
2019-01-02,JPM,US,Financials,large,80.83650970458984,0.017163935661446614,0.28540732140254177,0.2916402251923334,0.36043993513722783,0.2522054248758249,0.12898835968653272,0.36043993513722783,0.27769101030346394,,23.219999313354492,,0.026600000000000002,0.0269,79.46087646484375,,0,,,High_Vol,7.80644711639725e-05,0.00011456205576955251
2019-01-03,JPM,US,Financials,large,79.68767547607422,-0.014313778848884271,0.2916402251923334,0.287529445436472,0.253202447062713,0.25436254441662587,0.272469031675804,0.253202447062713,0.28273334717235915,1.0001309937207499,25.450000762939453,0.25453334553232476,0.0256,0.026600000000000002,80.83650970458984,0.224904,0,,,High_Vol,0.00027116525247254664,0.00021583403322986312
2019-01-04,JPM,US,Financials,large,82.6253890991211,0.03620206997554966,0.287529445436472,0.2877486021649486,0.1969094725255305,0.25544033363740076,0.227224194934345,0.1969094725255305,0.2843352406112305,0.992139492024937,21.3799991607666,0.21211941506856555,0.026699999999999998,0.0256,79.68767547607422,0.144069,0,0.224904,,High_Vol,0.00010300536415304602,0.00010439491636444077
2019-01-07,JPM,US,Financials,large,82.68285369873047,0.0006952418215991115,0.2877486021649486,0.2812425841108479,0.304896786498503,0.26702197035858355,0.5746900446063754,0.304896786498503,0.31348447968746196,0.9970671720936264,21.399999618530273,0.2133723710245266,0.027000000000000003,0.026699999999999998,82.6253890991211,0.0792645,0,0.144069,,High_Vol,0.0006380111722687001,0.0004566766587659511
2019-01-08,JPM,US,Financials,large,82.52693939208984,-0.0018874710755504276,0.2812425841108479,0.2744413421204922,0.2989108816590251,0.2668908122585586,0.011036621766016701,0.2989108816590251,0.31034159151068796,0.9937447462098138,20.469999313354492,0.20341954272564522,0.0273,0.027000000000000003,82.68285369873047,-0.04938920000000001,0,0.0792645,,High_Vol,0.00047321174165288957,0.00032660032672608696
2019-01-09,JPM,US,Financials,large,82.3874282836914,-0.0016919222217568993,0.2744413421204922,0.26620535131446504,0.31020803576202316,0.2617583461270033,0.029962674436404223,0.31020803576202316,0.27396005737929774,0.9931718739739491,19.979999542236328,0.19843573587361502,0.0274,0.0273,82.52693939208984,0.082625,0,-0.04938920000000001,,High_Vol,0.000296612713640447,0.0001819342509801862
2019-01-10,JPM,US,Financials,large,82.37922668457031,-9.955411341506272e-05,0.26620535131446504,0.26371089964233907,0.30225738092400317,0.2547662555423469,0.02685843261859579,0.30225738092400317,0.26751556140127103,0.9921995467608005,19.5,0.1934789116183561,0.0274,0.0274,82.3874282836914,0.2717135,0,0.082625,0.09629466000000006,High_Vol,0.0001658812326465406,0.00014166919202954556
2019-01-11,JPM,US,Financials,large,81.98534393310547,-0.004792803022854946,0.26371089964233907,0.2633157634359365,0.2628677037554907,0.2539400161703692,0.001580372556538651,0.2628677037554907,0.2610749737487041,0.9915476697758797,18.190000534057617,0.18036252642766837,0.0271,0.0274,82.37922668457031,0.061699666666666673,0,0.2717135,0.10565656000000005,High_Vol,0.00014088247228664398,0.00013735196653631276
2019-01-14,JPM,US,Financials,large,82.8305435180664,0.010256377672428771,0.2633157634359365,0.2658887537099766,0.03348219691512085,0.253872247151217,0.07608338928835684,0.03348219691512085,0.25371523100519483,0.9920229546013797,19.06999969482422,0.1891787744150693,0.0271,0.0271,81.98534393310547,0.014733,0,0.061699666666666673,0.08918269333333338,High_Vol,0.00010463596275206866,0.00012379614477246812
2019-01-15,JPM,US,Financials,large,83.43778991699219,0.007304446810095434,0.2658887537099766,0.26497770372860935,0.09186743927269438,0.2507687024657391,0.1628149480416121,0.09186743927269438,0.253764245193661,0.9892648138810708,18.600000381469727,0.18400325915562493,0.027200000000000002,0.0271,82.8305435180664,,0,0.014733,0.07627639333333339,High_Vol,0.00021778842835173257,0.00020602152405666332
2019-01-16,JPM,US,Financials,large,84.11065673828125,0.00803195078274521,0.26497770372860935,0.2607418464868068,0.10049165032189128,0.25010515916072795,0.11595449834646938,0.10049165032189128,0.2540145593663686,0.985614161700839,19.040000915527344,0.18766094541140693,0.0273,0.027200000000000002,83.43778991699219,0.26097950000000003,0,,,High_Vol,0.0003059008080186984,0.00023738198193742725
2019-01-17,JPM,US,Financials,large,84.45531463623047,0.004089299583185411,0.2607418464868068,0.25952744659098037,0.10050577974226471,0.24886489081259802,0.12750326588312644,0.10050577974226471,0.2552382598164656,0.9860928867038545,18.059999465942383,0.17808837007241196,0.0275,0.0273,84.11065673828125,-0.01316766666666667,0,0.26097950000000003,,High_Vol,0.0003676443365134077,0.00034241097669055615
2019-01-18,JPM,US,Financials,large,85.82569885253906,0.016095908457448512,0.25952744659098037,0.25710343243098843,0.0935312414386636,0.24905385431246643,0.0649156184012921,0.0935312414386636,0.253294238209951,0.9861717481287763,17.799999237060547,0.17553856364302883,0.0279,0.0275,84.45531463623047,-0.116379,0,-0.01316766666666667,,High_Vol,0.000427197399678024,0.0003710527556003568
2019-01-22,JPM,US,Financials,large,84.47173309326172,-0.01590152327989856,0.25710343243098843,0.26304996520392193,0.07087587714032456,0.24968913729526826,0.2555146254244202,0.07087587714032456,0.2525023926170314,0.987748621187585,20.799999237060547,0.20545170567109372,0.0274,0.0279,85.82569885253906,0.118112,0,-0.116379,,High_Vol,0.0008742902381938256,0.001186772153011259
2019-01-23,JPM,US,Financials,large,84.25836944580078,-0.0025290538910965276,0.26304996520392193,0.2435335851929799,0.1894223170099689,0.25089001431930935,0.25242885639429435,0.1894223170099689,0.25926273896295904,0.9897729629674308,19.520000457763672,0.19320368690206355,0.0276,0.0274,84.47173309326172,-0.03704700000000001,0,0.118112,,High_Vol,0.0005261453432524529,0.00015889929327943253
2019-01-24,JPM,US,Financials,large,84.30762481689453,0.0005844046150711978,0.2435335851929799,0.22332535483261506,0.19122226753092209,0.24794688133340612,0.04014748588872986,0.19122226753092209,0.2543673926053382,0.9884489786984578,18.889999389648438,0.1867180060431249,0.027200000000000002,0.0276,84.25836944580078,0.014436,0,-0.03704700000000001,0.042499566666666724,High_Vol,0.00013659606718393995,2.8348592144213525e-05
2019-01-25,JPM,US,Financials,large,84.84098815917969,0.006306467438577463,0.22332535483261506,0.18181945771765987,0.1834695015140273,0.24596053945713886,0.009277135659100915,0.1834695015140273,0.25126022504536283,0.9886812837363438,17.420000076293945,0.17222828038117505,0.0276,0.027200000000000002,84.30762481689453,0.250983,0,0.014436,-0.006809133333333288,High_Vol,2.9474422901821454e-05,2.3602069121691723e-07
2019-01-28,JPM,US,Financials,large,85.24308013916016,0.00472816452575478,0.18181945771765987,0.17992913333030017,0.1868703495259048,0.24465539104217224,0.10011206696281484,0.1868703495259048,0.232147868505733,0.9882399144372699,18.8700008392334,0.18648088014795225,0.0275,0.0276,84.84098815917969,0.146338,0,0.250983,0.04602100000000005,Low_Vol,4.5064383610560866e-07,3.394653512401585e-07
2019-01-29,JPM,US,Financials,large,85.4810562133789,0.002787845156915417,0.17992913333030017,0.17860106140019336,0.1402995209283528,0.24320874732121392,0.0750572849576688,0.1402995209283528,0.21246561178406662,0.9852689792406757,19.1299991607666,0.18848194746003494,0.027200000000000002,0.0275,85.24308013916016,0.19844866666666663,0,0.146338,0.09856440000000004,Low_Vol,5.496609347621111e-07,4.512022572866021e-07
2019-01-30,JPM,US,Financials,large,85.67798614501953,0.0023011348489228377,0.17860106140019336,0.17803739022851423,0.05523110384605364,0.24053933763849694,0.04425566987372421,0.05523110384605364,0.17301897400166158,0.9873601724730576,17.65999984741211,0.17436780495214993,0.027000000000000003,0.027200000000000002,85.4810562133789,,0,0.19844866666666663,0.11463173333333336,Low_Vol,5.984349295144108e-07,5.505730299569606e-07
2019-01-31,JPM,US,Financials,large,84.9312744140625,-0.008753528343342705,0.17803739022851423,0.1759269506701245,0.03523312838186074,0.236295980153483,0.0365293832608441,0.03523312838186074,0.17125295594851156,0.9818351824390565,16.56999969482422,0.16269008673382848,0.0263,0.027000000000000003,85.67798614501953,,0,,,Low_Vol,6.949177669543158e-07,5.078832128691603e-07
2019-02-01,JPM,US,Financials,large,85.24308013916016,0.0036645483375042924,0.1759269506701245,0.16437267792531643,0.09423462922292299,0.23688721659177572,0.1389579545450401,0.09423462922292299,0.175360276209079,0.9772337296360979,16.139999389648438,0.15772551799870485,0.027000000000000003,0.0263,84.9312744140625,,0,,,Low_Vol,2.0066343054891562e-07,2.590938828850387e-08
2019-02-04,JPM,US,Financials,large,85.54669952392578,0.003555478614856927,0.16437267792531643,0.10961177555366408,0.08731156362048671,0.23684090641889735,0.05817290141046929,0.08731156362048671,0.17456453154483695,0.9772097230394129,15.729999542236328,0.15371508496078853,0.0273,0.027000000000000003,85.24308013916016,,0,,,Low_Vol,4.061435006873148e-08,2.573413303255922e-16
2019-02-05,JPM,US,Financials,large,85.16923522949219,-0.00442214032449115,0.10961177555366408,0.11174146772348754,0.08446133977814038,0.23653823991880393,0.05644147324031898,0.08446133977814038,0.16742472358031732,0.976915803530892,15.569999694824219,0.15210578762844945,0.0271,0.0273,85.54669952392578,0.323656,0,,,Low_Vol,6.499108190592891e-16,2.215379691909112e-15
2019-02-06,JPM,US,Financials,large,85.12821197509766,-0.0004817835600172757,0.11174146772348754,0.11128986981877503,0.08869648253344506,0.23640392917277617,0.07019930136740432,0.08869648253344506,0.15856416254045408,0.9753623871023931,15.380000114440918,0.15001073625256173,0.027000000000000003,0.0271,85.16923522949219,0.218122,0,0.323656,,Low_Vol,7.313717915288451e-16,5.621918594157564e-16
2019-02-07,JPM,US,Financials,large,84.01219177246094,-0.013196567751402771,0.11128986981877503,0.12264991875765055,0.08481874217675835,0.23348462536544312,0.007648076913390439,0.08481874217675835,0.1065201418073268,0.9646697006216612,16.3700008392334,0.15791643808759626,0.0265,0.027000000000000003,85.12821197509766,0.35251,0,0.218122,,Low_Vol,4.963984028630881e-16,1.6510975115510658e-13
2019-02-08,JPM,US,Financials,large,83.17520141601562,-0.010012684965022875,0.12264991875765055,0.1287017963179341,0.11121514158038431,0.23400323970068024,0.20948901857895946,0.11121514158038431,0.117377633388492,0.9581434667525327,15.720000267028809,0.15062015553201724,0.0263,0.0265,84.01219177246094,,0,0.35251,,Low_Vol,9.492271921867367e-15,1.495300594299229e-13
2019-02-11,JPM,US,Financials,large,82.78128814697266,-0.004747196206004313,0.1287017963179341,0.12867711017480352,0.10831255449087576,0.23404432659924562,0.15894644624091592,0.10831255449087576,0.12265060145691085,0.9601198795121809,15.970000267028809,0.15333114732189196,0.0265,0.0263,83.17520141601562,,0,,,Low_Vol,1.9179254197231453e-14,1.896473001379822e-14
2019-02-12,JPM,US,Financials,large,84.1927490234375,0.016906754140063512,0.12867711017480352,0.1372558670357042,0.07967585844845967,0.23048955726151574,0.07535940351550058,0.07967585844845967,0.12369412590598743,0.9485885834629282,15.430000305175781,0.14636722132319244,0.0268,0.0265,82.78128814697266,0.163908,0,,,Low_Vol,7.021948383786038e-15,2.7800594040382483e-13
2019-02-13,JPM,US,Financials,large,84.5948257446289,0.004764301901854098,0.1372558670357042,0.13595311423146395,0.18722745216752654,0.2330224165028712,0.2683864015915184,0.18722745216752654,0.13595567241159584,0.9476926920452192,15.649999618530273,0.1483139026899161,0.0271,0.0268,84.1927490234375,,0,0.163908,,Low_Vol,6.026226735802187e-12,3.809444603155985e-12
2019-02-14,JPM,US,Financials,large,84.04501342773438,-0.006520573877001155,0.13595311423146395,0.1353399656588543,0.19402889706490253,0.22957759483965576,0.07563094801882801,0.19402889706490253,0.1349215529252976,0.9468928493027314,16.219999313354492,0.15358601365510582,0.026600000000000002,0.0271,84.5948257446289,0.23649550000000003,0,,,Low_Vol,8.945555407962381e-12,7.230529444957123e-12
2019-02-15,JPM,US,Financials,large,86.6135025024414,0.03010319200274831,0.1353399656588543,0.17231477335823392,0.1727723433687751,0.22350845683174325,0.10351090130381596,0.1727723433687751,0.13368487968552503,0.946892700032594,14.90999984741211,0.14118170013001616,0.026600000000000002,0.026600000000000002,84.04501342773438,,0,0.23649550000000003,,Low_Vol,2.2139269804038166e-12,3.372307001423548e-08
2019-02-19,JPM,US,Financials,large,86.30984497070312,-0.00351205141812895,0.17231477335823392,0.1637712914656441,0.24485339798787506,0.23245936103830678,0.47787335825100263,0.24485339798787506,0.16571142694190305,0.9497225167487481,14.880000114440918,0.14131871157908488,0.0265,0.026600000000000002,86.6135025024414,0.150891,0,,,Low_Vol,9.107070496588689e-07,2.347791767235471e-07
2019-02-20,JPM,US,Financials,large,86.72836303710938,0.0048373002392500305,0.1637712914656441,0.15276692785962503,0.24089517982795905,0.23190855443533906,0.05575208786424554,0.24089517982795905,0.16502083455975455,0.9529546447031428,14.020000457763672,0.1336042455496608,0.0265,0.0265,86.30984497070312,,0,0.150891,,Low_Vol,1.5671011399485827e-07,1.87179456766617e-08
2019-02-21,JPM,US,Financials,large,86.5478515625,-0.002083512042629068,0.15276692785962503,0.152626230849986,0.22881673939618763,0.2280038347081476,0.07678976070005296,0.22881673939618763,0.1651987729462052,0.95322535989652,14.460000038146973,0.13783638740466342,0.0269,0.0265,86.72836303710938,,0,,,Low_Vol,3.519448732352096e-08,3.419177772949162e-08
2019-02-22,JPM,US,Financials,large,86.16215515136719,-0.004466412336542386,0.152626230849986,0.15400487055950418,0.23607224223040887,0.2275429243619993,0.03307472831042832,0.23607224223040887,0.15678082878118219,0.9545932984640176,13.510000228881836,0.12896555680737945,0.0265,0.0269,86.5478515625,-0.009502999999999998,0,,,Low_Vol,2.6187262135913655e-08,3.480490616471813e-08
2019-02-25,JPM,US,Financials,large,87.06478881835938,0.010421494666993871,0.15400487055950418,0.15652634990134912,0.23037705454328988,0.2269428199694668,0.07090209777097248,0.23037705454328988,0.1470015765257916,0.9541711805034168,14.850000381469727,0.14169442394463158,0.026699999999999998,0.0265,86.16215515136719,0.1362395,0,-0.009502999999999998,,Low_Vol,1.9438371920578423e-08,3.2683369399136156e-08
2019-02-26,JPM,US,Financials,large,86.40011596679688,-0.007663522548020566,0.15652634990134912,0.15907968176650158,0.10140754586366703,0.22235542032596572,0.16543609907071005,0.10140754586366703,0.14988191365476866,0.9546934711669859,15.170000076293945,0.1448270003044051,0.0264,0.026699999999999998,87.06478881835938,0.278973,0,0.1362395,,Low_Vol,1.1948383700293497e-07,1.899971262638455e-07
2019-02-27,JPM,US,Financials,large,86.2934341430664,-0.0012355045945047205,0.15907968176650158,0.1590116894453447,0.11633098710264973,0.22264648655943037,0.1216546489727908,0.11633098710264973,0.15304556809706532,0.9517074937505281,14.699999809265137,0.13990099976608966,0.0269,0.0264,86.40011596679688,,0,0.278973,,Low_Vol,7.560059366214143e-08,7.463768299749754e-08
2019-02-28,JPM,US,Financials,large,85.63697052001953,-0.007636424918199612,0.1590116894453447,0.1613911581176756,0.10885861955681515,0.2213299855067231,0.01961302740442314,0.10885861955681515,0.1521009297226904,0.9509099201179377,14.779999732971191,0.14054448365422778,0.0273,0.0269,86.2934341430664,,0,,,Low_Vol,6.452284990116106e-08,1.0054425005270529e-07
2019-03-01,JPM,US,Financials,large,85.69442749023438,0.0006707115337415743,0.1613911581176756,0.15806289481416907,0.11898962379939887,0.22128541885842098,0.1212244874350376,0.11898962379939887,0.1539863031753783,0.9515555609213615,13.569999694824219,0.12912608671311163,0.0276,0.0273,85.63697052001953,0.232922,0,,,Low_Vol,4.0218617438747964e-08,2.073872217522034e-08
2019-03-04,JPM,US,Financials,large,85.49747467041016,-0.0023009605505205834,0.15806289481416907,0.15787072881648043,0.11818319364842694,0.22012653597840337,0.010647215518457476,0.11818319364842694,0.15372741322389874,0.9481388732838038,14.630000114440918,0.13871271824647932,0.027200000000000002,0.0276,85.69442749023438,0.327586,0,0.232922,,Low_Vol,2.2652218167467208e-08,2.178034245766164e-08
2019-03-05,JPM,US,Financials,large,85.43183135986328,-0.0007680755898275197,0.15787072881648043,0.15737858068673383,0.06061317071272728,0.21908957971265292,0.03652661635948642,0.06061317071272728,0.15373051651659583,0.945749666140288,14.739999771118164,0.13940349862442925,0.027200000000000002,0.027200000000000002,85.49747467041016,-0.062581,0,0.327586,,Low_Vol,1.6172071858817677e-08,1.4590733008075386e-08
2019-03-06,JPM,US,Financials,large,85.11177825927734,-0.003753332968966936,0.15737858068673383,0.15715085873227422,0.050681678543907954,0.19843700551494906,0.012192821992697216,0.050681678543907954,0.15067929752628595,0.946714426904481,15.739999771118164,0.14901284862790795,0.0269,0.027200000000000002,85.43183135986328,0.118309,0,-0.062581,,Low_Vol,1.3214140769918836e-08,1.2592410587963569e-08
2019-03-07,JPM,US,Financials,large,84.49635314941406,-0.007257055492433326,0.15715085873227422,0.15923350777506112,0.05064593972729185,0.19465813271520704,0.05958231374103734,0.05064593972729185,0.15076369981265914,0.9440023320866808,16.59000015258789,0.1566099883336136,0.0264,0.0269,85.11177825927734,0.10578,0,0.118309,,Low_Vol,7.693186918676477e-09,1.2012259381017603e-08
2019-03-08,JPM,US,Financials,large,84.52918243408203,0.00038845355487211617,0.15923350777506112,0.15185318304449502,0.04836377904044715,0.19156825153435872,0.11520218450144376,0.04836377904044715,0.15207899869024327,0.9437316803796881,16.049999237060547,0.15146892750083862,0.0262,0.0264,84.49635314941406,0.120613,0,0.10578,0.14440320000000004,Low_Vol,4.66108521201712e-09,8.121229907165756e-10
2019-03-11,JPM,US,Financials,large,85.62875366210938,0.012924305019546405,0.15185318304449502,0.15300205295655733,0.047157630303213356,0.18745504803732815,0.006166509012543613,0.047157630303213356,0.15148392302175928,0.9434563490228586,14.329999923706055,0.13519729409517556,0.0264,0.0262,84.52918243408203,,0,0.120613,0.12194140000000002,Low_Vol,8.566834424771809e-10,1.1416045809625251e-09
2019-03-12,JPM,US,Financials,large,85.3743896484375,-0.0029749652123322455,0.15300205295655733,0.15217653710160484,0.12143221559594918,0.18795233509023587,0.20516698170038142,0.12143221559594918,0.1579915702468355,0.944057280970949,13.770000457763672,0.12999669191125096,0.026099999999999998,0.0264,85.62875366210938,,0,,,Low_Vol,6.8390072994612175e-09,5.671262535603545e-09
2019-03-13,JPM,US,Financials,large,85.66156768798828,0.003358104504986741,0.15217653710160484,0.14123978002754237,0.12365336309186535,0.18773025104803379,0.047226108665397525,0.12365336309186535,0.1511799769361768,0.934829672933164,13.40999984741211,0.1253606577139004,0.026099999999999998,0.026099999999999998,85.3743896484375,,0,,,Low_Vol,3.756574724242593e-09,2.1855291432502279e-10
2019-03-14,JPM,US,Financials,large,86.4411392211914,0.009059437576985315,0.14123978002754237,0.14361550058716044,0.12081557953409858,0.18781259102629752,0.05330825638056347,0.12081557953409858,0.14647708492049552,0.9341573414667924,13.5,0.12611124109801697,0.0263,0.026099999999999998,85.66156768798828,0.257768,0,,,Low_Vol,3.7164852511902715e-10,7.148871746475831e-10
2019-03-15,JPM,US,Financials,large,87.4340591430664,0.011421188582682037,0.14361550058716044,0.14513555479383666,0.10221142817422034,0.18765485731437964,0.1438141130809003,0.10221142817422034,0.14704545335512792,0.9324249007667155,12.880000114440918,0.12009632828582857,0.0259,0.0263,86.4411392211914,0.2033575,0,0.257768,,Low_Vol,2.7818528025888345e-09,4.050454479816046e-09
2019-03-18,JPM,US,Financials,large,87.95923614501953,0.0059885820678589686,0.14513555479383666,0.10197860625670872,0.10390079463579727,0.18662040245486333,0.1813057479992816,0.10390079463579727,0.14142172095236638,0.932515249477674,13.100000381469727,0.12215950123883866,0.026000000000000002,0.0259,87.4340591430664,-0.107912,0,0.2033575,,Low_Vol,2.0224099106661034e-08,2.0102253766707447e-15
2019-03-19,JPM,US,Financials,large,87.63920593261719,-0.003645027403985212,0.10197860625670872,0.10205374278781393,0.08849153370366701,0.18641555823406591,0.09506579314473458,0.08849153370366701,0.14179847378503913,0.93310849424599,13.5600004196167,0.1265295157352353,0.026099999999999998,0.026000000000000002,87.95923614501953,0.29194333333333333,0,-0.107912,,Low_Vol,1.0026862368744365e-14,1.0475612151113215e-14
2019-03-20,JPM,US,Financials,large,85.76827239990234,-0.021579301569852237,0.10205374278781393,0.12788109251007285,0.09250928219599001,0.1843520656352231,0.057863016197761415,0.09250928219599001,0.1401041555624303,0.9330631094204852,13.90999984741211,0.12978907709664816,0.0254,0.026099999999999998,87.63920593261719,0.084679,0,0.29194333333333333,,Low_Vol,3.977605655739979e-15,3.055689422496786e-10
2019-03-21,JPM,US,Financials,large,84.4142837524414,-0.01591252650180877,0.12788109251007285,0.1390084287636987,0.2140150097038474,0.18928249051842147,0.3425607925217684,0.2140150097038474,0.12347790514725764,0.9382289746332748,13.630000114440918,0.1278806103162332,0.0254,0.0254,85.76827239990234,,0,0.084679,0.1459671666666667,Low_Vol,6.0138965111846815e-12,2.365147770083047e-10
2019-03-22,JPM,US,Financials,large,81.86225128173828,-0.030698653760241695,0.1390084287636987,0.17387717998669175,0.22250838685366917,0.18536311097502214,0.25260352712706363,0.22250838685366917,0.1338683840999279,0.9271160724772854,16.479999542236328,0.15278872450025605,0.024399999999999998,0.0254,84.4142837524414,0.14608,0,,,Low_Vol,1.6851487517139035e-11,7.247579723260364e-08
2019-03-25,JPM,US,Financials,large,81.18116760253906,-0.008354678103891282,0.17387717998669175,0.16795806275182212,0.23049051201596338,0.19097857072750038,0.48732602060446434,0.23049051201596338,0.1655268776623399,0.9365299734098601,16.329999923706055,0.15293534394331448,0.024300000000000002,0.024399999999999998,81.86225128173828,0.200148,0,0.14608,,Low_Vol,1.949277152552075e-09,5.184606105930632e-10
2019-03-26,JPM,US,Financials,large,81.9935531616211,0.009957330001794502,0.16795806275182212,0.17371045969278548,0.16991577810898706,0.17367320657166557,0.1326264032813579,0.16991577810898706,0.16663785817858484,0.9183155044200784,14.680000305175781,0.13480871885134402,0.0241,0.024300000000000002,81.18116760253906,0.063357,0,0.200148,,Low_Vol,1.699698725882796e-10,6.609014933908221e-10
2019-03-27,JPM,US,Financials,large,81.71453857421875,-0.0034086874338731376,0.17371045969278548,0.1736524330631075,0.2437969048841199,0.173371111015873,0.15806771344170353,0.2437969048841199,0.17208240572822922,0.9134330733989574,15.149999618530273,0.13838510713547142,0.0239,0.0241,81.9935531616211,0.044847,0,0.063357,,Low_Vol,2.284849777434902e-09,2.256982289114559e-09
2019-03-28,JPM,US,Financials,large,82.64179229736328,0.011283575829389105,0.1736524330631075,0.17944678947313902,0.23908646603525174,0.17347511958272288,0.0541112354830755,0.23908646603525174,0.16612034264857203,0.906078123213905,14.430000305175781,0.13074707594489748,0.0239,0.0239,81.71453857421875,,0,0.044847,,Low_Vol,1.477839448712984e-09,4.885235506706398e-09
2019-03-29,JPM,US,Financials,large,83.0685043334961,0.005150108206553749,0.17944678947313902,0.18095628401416697,0.2703596368653326,0.17417945519778744,0.1791212132646177,0.2703596368653326,0.17185489312916405,0.9047303674391532,13.710000038146973,0.12403853372103515,0.0241,0.0239,82.64179229736328,,0,,,Low_Vol,1.783930031177579e-08,2.344788785513082e-08
2019-04-01,JPM,US,Financials,large,85.86672973632812,0.033130819273366176,0.18095628401416697,0.21877680069136635,0.13554294367341646,0.1710272993364205,0.08175543323768454,0.13554294367341646,0.1735558597020716,0.9049540734712879,13.399999618530273,0.12126384239302675,0.024900000000000002,0.0241,83.0685043334961,,0,,,Low_Vol,4.142007451197796e-08,6.334568462092649e-06
2019-04-02,JPM,US,Financials,large,86.27706146240234,0.00476732271739988,0.21877680069136635,0.2193283870834597,0.2148232735750268,0.18088474404005808,0.5259354511749155,0.2148232735750268,0.20828115418427787,0.9122415585914293,13.359999656677246,0.12187546909588212,0.0248,0.024900000000000002,85.86672973632812,0.226324,0,,,High_Vol,7.123448498552731e-05,7.450052936735889e-05
2019-04-03,JPM,US,Financials,large,86.44934844970703,0.0019949125849319173,0.2193283870834597,0.2188010721298391,0.21985006941843585,0.16577840962351462,0.07567890197897244,0.21985006941843585,0.20887135104660226,0.9131025363710203,13.739999771118164,0.12546028640745235,0.0252,0.0248,86.27706146240234,0.052367,0,0.226324,,High_Vol,0.00010307631279903376,9.889242683426384e-05
2019-04-04,JPM,US,Financials,large,87.28449249267578,0.009614137018317415,0.2188010721298391,0.21877765001401206,0.20137184423110358,0.16579895047597173,0.03166825552225723,0.20137184423110358,0.20873342651454763,0.9118576403633749,13.579999923706055,0.12383026686565414,0.025099999999999997,0.0252,86.44934844970703,0.253655,0,0.052367,,High_Vol,0.00011345360472112681,0.0001132472705280968
2019-04-05,JPM,US,Financials,large,87.07779693603516,-0.0023708756536561753,0.21877765001401206,0.2192030426831077,0.20171081152785827,0.16669284876617632,0.1526196937258075,0.20171081152785827,0.21092071669745785,0.9100268633157963,12.819999694824219,0.1166654410999035,0.025,0.025099999999999997,87.28449249267578,,0,0.253655,,High_Vol,0.0002143638813496048,0.00022105989728504402
2019-04-08,JPM,US,Financials,large,87.35892486572266,0.0032232682451369403,0.2192030426831077,0.2151560342955108,0.2213973816119179,0.16674433342521305,0.03763648421419167,0.2213973816119179,0.21060045862932492,0.9067763067581472,13.180000305175781,0.11951311999798549,0.0252,0.025,87.07779693603516,0.232015,0,,,High_Vol,0.00018921690560547155,0.00013953705530456335
2019-04-09,JPM,US,Financials,large,86.71395111083984,-0.0074104216729678615,0.2151560342955108,0.21681260588152904,0.0690965715048275,0.16679636008355533,0.051167797112903535,0.0690965715048275,0.20862465247413262,0.9024091869637607,14.279999732971191,0.12886402948873252,0.025099999999999997,0.0252,87.35892486572266,0.1057305,0,0.232015,,High_Vol,0.00017364274475109576,0.00019647490918731775
2019-04-10,JPM,US,Financials,large,87.10258483886719,0.004471776790655076,0.21681260588152904,0.21702428705057278,0.10109756207350858,0.1672687876343132,0.11763679714077706,0.10109756207350858,0.21078824973140053,0.9014104574316802,13.300000190734863,0.11988759255771747,0.0248,0.025099999999999997,86.71395111083984,0.1327775,0,0.1057305,,High_Vol,0.00011946766234202655,0.00012145199275665104
2019-04-11,JPM,US,Financials,large,87.83849334716797,0.008413265274754167,0.21702428705057278,0.21671136431561622,0.10410200023135975,0.16630921893718253,0.07098725583998326,0.10410200023135975,0.20703508192907225,0.8980859160878618,13.020000457763672,0.11693079038575067,0.025099999999999997,0.0248,87.10258483886719,-0.089816,0,0.1327775,,High_Vol,0.00016381681344928775,0.00015999744705839924
2019-04-12,JPM,US,Financials,large,91.95631408691406,0.045813792018871674,0.21671136431561622,0.2674993446124409,0.09840225105070226,0.16650876368908232,0.1335564457860902,0.09840225105070226,0.20814409146653956,0.8948212069881933,12.010000228881836,0.10746802900736523,0.0256,0.025099999999999997,87.83849334716797,0.13555050000000002,0,-0.089816,,High_Vol,0.0002791594063674789,0.004301187751893865
2019-04-15,JPM,US,Financials,large,90.90619659423828,-0.011485449178624096,0.2674993446124409,0.27165439119971274,0.3234547844522867,0.18983239564647927,0.7272714017926213,0.3234547844522867,0.2570495468282046,0.9000566414823971,12.319999694824219,0.11088697548387642,0.0255,0.0256,91.95631408691406,0.239933,0,0.13555050000000002,0.10325150000000005,High_Vol,0.029013379000512263,0.03262631304899033
2019-04-16,JPM,US,Financials,large,91.86537170410156,0.010495986049278677,0.27165439119971274,0.2726359217915839,0.36022001434749135,0.19159549185355493,0.18232585333506257,0.36022001434749135,0.26082869082084315,0.8968793346354541,12.180000305175781,0.10923990569565684,0.026000000000000002,0.0255,90.90619659423828,0.273787,0,0.239933,0.10483510000000007,High_Vol,0.021037168261314854,0.02167093207807158
2019-04-17,JPM,US,Financials,large,94.5113525390625,0.02839580570999216,0.2726359217915839,0.27215921051178565,0.3335243477605124,0.19007696062610868,0.16661861310476828,0.3335243477605124,0.2604585160525103,0.8997477733789502,12.600000381469727,0.1133682228780131,0.0259,0.026000000000000002,91.86537170410156,0.10176099999999999,0,0.273787,0.13844640000000002,High_Vol,0.03234854548620536,0.03192344142479153
2019-04-18,JPM,US,Financials,large,93.81678771972656,-0.007376146416660669,0.27215921051178565,0.265116113585686,0.34463472714086024,0.19474243568665095,0.45076944111568285,0.34463472714086024,0.27495776686284407,0.9001995574929027,12.09000015258789,0.10883412787448746,0.025699999999999997,0.0259,94.5113525390625,0.188458,0,0.10176099999999999,0.13224310000000003,High_Vol,0.08745212029080873,0.07460997907808276
2019-04-22,JPM,US,Financials,large,93.93253326416016,0.0012329797891193948,0.265116113585686,0.2294746803380034,0.38351214051684335,0.1954622961190065,0.11709269431490608,0.38351214051684335,0.2763694509927712,0.8996901235221149,12.420000076293945,0.11174151402785576,0.0259,0.025699999999999997,93.81678771972656,,0,0.188458,0.18789790000000003,High_Vol,0.057369808974598424,0.020003390302802848
2019-04-23,JPM,US,Financials,large,94.04829406738281,0.0012316236660835562,0.2294746803380034,0.22347996804840936,0.25273720826192103,0.19544971559158295,0.01957294736147269,0.25273720826192103,0.2623572740286067,0.9068893239428011,12.279999732971191,0.1113660065585202,0.025699999999999997,0.0259,93.93253326416016,-0.098277,0,,,High_Vol,0.021172952218775798,0.01706726494855082
2019-04-24,JPM,US,Financials,large,93.8912124633789,-0.0016716191659903992,0.22347996804840936,0.22548805640049285,0.21635398093925642,0.19522672198027496,0.01955141957567248,0.21635398093925642,0.2528836209467283,0.9065961367103863,13.140000343322754,0.11912673547629557,0.0253,0.025699999999999997,94.04829406738281,0.29120675,0,-0.098277,,High_Vol,0.0180764843337472,0.01944426507747188
2019-04-25,JPM,US,Financials,large,93.94080352783203,0.0005280363450680673,0.22548805640049285,0.2235547049280636,0.22045034876975625,0.1952457009949664,0.02653613160011878,0.22045034876975625,0.2208913774897086,0.9064087445662341,13.25,0.12009915865502602,0.0254,0.0253,93.8912124633789,0.147123,0,0.29120675,,High_Vol,0.01795900786413973,0.01672245943105488
2019-04-26,JPM,US,Financials,large,94.65193939208984,0.007541533398536083,0.2235547049280636,0.22299132029864402,0.05788478562397768,0.19524242463678876,0.008382317113521562,0.05788478562397768,0.2158406386194212,0.9113295490146675,12.729999542236328,0.11601224741783156,0.025099999999999997,0.0254,93.94080352783203,0.327101,0,0.147123,,High_Vol,0.017153049593714775,0.016797092808995773
2019-04-29,JPM,US,Financials,large,96.0162582397461,0.014311166203645566,0.22299132029864402,0.2244669267985236,0.054574622316186136,0.1956209256252389,0.11971813125968545,0.054574622316186136,0.21554914867285352,0.912519323431263,13.109999656677246,0.1196312801689521,0.0254,0.025099999999999997,94.65193939208984,,0,0.327101,,High_Vol,0.023877410150365153,0.02512273338879467
2019-04-30,JPM,US,Financials,large,95.95838928222656,-0.0006028812660347244,0.2244669267985236,0.20385816074321522,0.1034876127346894,0.19608692014578885,0.2271827204769511,0.1034876127346894,0.21408693793438321,0.9167244216791901,13.119999885559082,0.1202742430752019,0.025099999999999997,0.0254,96.0162582397461,,0,,,High_Vol,0.047276040284247145,0.02382839881612897
2019-05-01,JPM,US,Financials,large,95.22246551513672,-0.007698756266870217,0.20385816074321522,0.20922953581223905,0.10774472461641105,0.19613136461783184,0.009570443400165914,0.10774472461641105,0.21523029741508806,0.9168766773322126,14.800000190734863,0.13569774999397094,0.0252,0.025099999999999997,95.95838928222656,,0,,,High_Vol,0.023092820995254115,0.028082454945135282
2019-05-02,JPM,US,Financials,large,95.42918395996094,0.0021685469431058924,0.20922953581223905,0.20919810674648068,0.13327808405741798,0.19709739530279005,0.12221396691983166,0.13327808405741798,0.2207286027336214,0.9176858131359212,14.420000076293945,0.13233029495433857,0.0255,0.0252,95.22246551513672,0.1406405,0,,,High_Vol,0.019286943985768135,0.01926377722279171
2019-05-03,JPM,US,Financials,large,96.0162582397461,0.006133090589799041,0.20919810674648068,0.208530676266959,0.13200679231337883,0.19667309539224248,0.03442461550696515,0.13200679231337883,0.19923626239609427,0.9172726588273075,12.869999885559082,0.11805299014133923,0.0254,0.0255,95.42918395996094,0.1580115,0,0.1406405,,High_Vol,0.021472711065471994,0.020941403618739418
2019-05-06,JPM,US,Financials,large,95.16456604003906,-0.008909866742737839,0.208530676266959,0.21274854277990546,0.12940384623596282,0.1967987250066668,0.09735979481303231,0.12940384623596282,0.19928723349058183,0.9155619350333325,15.4399995803833,0.14136275892729577,0.025099999999999997,0.0254,96.0162582397461,0.08934049999999999,0,0.1580115,,High_Vol,0.028236032819829227,0.03265743919372821
2019-05-07,JPM,US,Financials,large,93.61006164550781,-0.01646979313096648,0.21274854277990546,0.22535346406816106,0.10209798373530993,0.1955766356470814,0.14143974969605658,0.10209798373530993,0.20451832907937428,0.916108216179345,19.31999969482422,0.17699210457010905,0.0245,0.025099999999999997,95.16456604003906,0.088516,0,0.08934049999999999,,High_Vol,0.02135692597285055,0.03296242769142177
2019-05-08,JPM,US,Financials,large,93.11393737792969,-0.005313997532817892,0.22535346406816106,0.22413231566910088,0.1440672382145065,0.19771751351145309,0.26144986061530295,0.1440672382145065,0.21525705016690874,0.9172461085156316,19.399999618530273,0.17794574155301632,0.024900000000000002,0.0245,93.61006164550781,-0.265535,0,0.088516,,High_Vol,0.01546686329685465,0.014767661699878754
2019-05-09,JPM,US,Financials,large,93.03952026367188,-0.0007995244264039764,0.22413231566910088,0.22462853282856549,0.1421888243413555,0.19780315227508166,0.08435709563668163,0.1421888243413555,0.21639528292303783,0.9167981777661588,19.100000381469727,0.17510845545064385,0.0245,0.024900000000000002,93.11393737792969,0.051334,0,-0.265535,0.04219470000000003,High_Vol,0.01143499893784472,0.011663866587857119
2019-05-10,JPM,US,Financials,large,93.03126525878906,-8.872972578745598e-05,0.22462853282856549,0.22408676066770739,0.13481784457345317,0.19540251498788253,0.012692056796318912,0.13481784457345317,0.21678379710089896,0.9167181806856866,16.040000915527344,0.14704160457478974,0.024700000000000003,0.0245,93.03952026367188,0.1608325,0,0.051334,0.024333400000000026,High_Vol,0.011199031017886774,0.010957456502604823
2019-05-13,JPM,US,Financials,large,90.50101470947266,-0.02757455933153366,0.22408676066770739,0.185689047439475,0.10650187855926357,0.1953268689605822,0.0014085407299953797,0.10650187855926357,0.21401846552690826,0.910313207174419,20.549999237060547,0.1870693571292045,0.024,0.024700000000000003,93.03126525878906,,0,0.1608325,0.024897600000000027,High_Vol,0.010918524162094156,0.0015157029200894984
2019-05-14,JPM,US,Financials,large,91.22039794921875,0.007917470893231065,0.185689047439475,0.1836384837723143,0.18708224448774025,0.20364676325541897,0.43773255902060115,0.18708224448774025,0.237879055396794,0.9152629867120827,18.059999465942383,0.16529649051217046,0.0242,0.024,90.50101470947266,,0,,,Low_Vol,0.00020660647224316278,0.00017333566574070577
2019-05-15,JPM,US,Financials,large,90.87313842773438,-0.0038140831285457706,0.1836384837723143,0.17995715088212805,0.21271059468287448,0.19511001797716068,0.12568595397649096,0.21271059468287448,0.23771800956264272,0.9160191750544572,16.440000534057617,0.15059355727102294,0.023700000000000002,0.0242,91.22039794921875,0.177146,0,,,Low_Vol,0.0003185371407823101,0.00023447969577607142
2019-05-16,JPM,US,Financials,large,92.03900146484375,0.012747965515161438,0.17995715088212805,0.1531595495418774,0.21291388682862242,0.19513992933588786,0.060546692627155854,0.21291388682862242,0.17944214269625605,0.9138131464491762,15.289999961853027,0.139722029743487,0.024,0.023700000000000002,90.87313842773438,,0,0.177146,,Low_Vol,0.00017302117470200697,8.977517147419796e-06
2019-05-17,JPM,US,Financials,large,91.5925064086914,-0.004862955613967565,0.1531595495418774,0.15209882348616077,0.24806030452661806,0.19649753413982135,0.2023676788508674,0.24806030452661806,0.1804426522023118,0.9152612427976202,15.960000038146973,0.14607569469964463,0.0239,0.024,92.03900146484375,0.21451674999999998,0,,,Low_Vol,3.3664989787084414e-05,2.9555112830605655e-05
2019-05-20,JPM,US,Financials,large,92.07207489013672,0.005222232484251689,0.15209882348616077,0.15359687075535228,0.24786141265743566,0.1967656326294934,0.07719702714782158,0.24786141265743566,0.17776437108803742,0.9150221779238494,16.309999465942383,0.1492401123326342,0.0241,0.0239,91.5925064086914,,0,0.21451674999999998,,Low_Vol,1.7902340889162796e-05,2.1692594301282904e-05
2019-05-21,JPM,US,Financials,large,92.38627624511719,0.0034067490783706396,0.15359687075535228,0.15420890549147437,0.12074624123430767,0.19662950819302888,0.08290037065135801,0.12074624123430767,0.14793056735442317,0.9114312741201965,14.949999809265137,0.1362589737425522,0.024300000000000002,0.0241,92.07207489013672,-0.2040065,0,,,Low_Vol,3.6823314128464624e-05,3.961894942859905e-05
2019-05-22,JPM,US,Financials,large,91.63384246826172,-0.00817777942357464,0.15420890549147437,0.15635978614787688,0.11428717112014024,0.1957335017664655,0.054080465043403234,0.11428717112014024,0.14701700362940165,0.9079847541733803,14.75,0.1339277512405736,0.0239,0.024300000000000002,92.38627624511719,,0,-0.2040065,,Low_Vol,5.5464374180085214e-05,7.069719454995838e-05
2019-05-23,JPM,US,Financials,large,89.83126068115234,-0.019867633487506503,0.15635978614787688,0.16954578862482916,0.13234385072009291,0.1958334080808836,0.12981822378911784,0.13234385072009291,0.1489705252598764,0.9079673176186016,16.920000076293945,0.15362807083379149,0.0231,0.0239,91.63384246826172,0.088203,0,,,Low_Vol,3.190072030753114e-05,0.0001316446489246243
2019-05-24,JPM,US,Financials,large,90.71601867675781,0.009800923958412448,0.16954578862482916,0.17145299877053208,0.15997597802862168,0.20040318415495645,0.31538890408392656,0.15997597802862168,0.1615474631104294,0.9139675299060626,15.850000381469727,0.14486385697662035,0.0232,0.0231,89.83126068115234,-0.155624,0,0.088203,,Low_Vol,2.2282627623635993e-05,2.7668308574042844e-05
2019-05-28,JPM,US,Financials,large,89.73204040527344,-0.010906052738923954,0.17145299877053208,0.16252697314892103,0.19083164158469576,0.2005024918092911,0.15558484447568455,0.19083164158469576,0.1664905691264386,0.9154411356082046,17.5,0.16020219873143582,0.0226,0.0232,90.71601867675781,0.19924080000000002,0,-0.155624,,Low_Vol,6.637894648224996e-05,2.4803230660301514e-05
2019-05-29,JPM,US,Financials,large,89.48397064208984,-0.0027683901696883167,0.16252697314892103,0.16221689310039952,0.1870998484010058,0.20197221544493235,0.17312821999528574,0.1870998484010058,0.16924133674201294,0.9154470651444172,17.899999618530273,0.16386502116869725,0.0225,0.0226,89.73204040527344,,0,0.19924080000000002,,Low_Vol,8.42338432004814e-06,8.087818807013124e-06
2019-05-30,JPM,US,Financials,large,88.52481079101562,-0.010776649624781497,0.16221689310039952,0.16363705300095652,0.17398695539804845,0.20200481441595922,0.04394683152594713,0.17398695539804845,0.16576666026536416,0.9140776865208325,17.299999237060547,0.15813543279424472,0.0222,0.0225,89.48397064208984,0.012187000000000003,0,,,Low_Vol,6.096152474044923e-06,7.363958901984648e-06
2019-05-31,JPM,US,Financials,large,87.61522674560547,-0.010328056510788478,0.16363705300095652,0.1637592495510135,0.17663330760564477,0.203364875205114,0.17107400924189625,0.17663330760564477,0.1566350568199519,0.8957048720243964,18.709999084472656,0.16758637335534154,0.021400000000000002,0.0222,88.52481079101562,,0,0.012187000000000003,,Low_Vol,2.4202237413082977e-06,2.4631373626400003e-06
2019-06-03,JPM,US,Financials,large,88.0286865234375,0.004707940444060395,0.1637592495510135,0.16263255762277287,0.14213817154486738,0.20440870150873616,0.16395281432500677,0.14213817154486738,0.15778711710512397,0.8884376158349854,18.860000610351562,0.16755933976907111,0.0207,0.021400000000000002,87.61522674560547,0.1228605,0,,,Low_Vol,8.07544769482096e-07,6.759894418544471e-07
2019-06-04,JPM,US,Financials,large,90.7408218383789,0.030344586685016734,0.16263255762277287,0.20275404133996988,0.10961462193461731,0.20394379410593433,0.07473623761372081,0.10961462193461731,0.1599957626520963,0.8857271583572248,16.969999313354492,0.1503078926914153,0.0212,0.0207,88.0286865234375,0.170427,0,0.1228605,,Low_Vol,1.1268548319266146e-06,0.00010776745491207235
2019-06-05,JPM,US,Financials,large,91.06330108642578,0.0035475497591794273,0.20275404133996988,0.19666333377264883,0.2689817692631132,0.21280686245252287,0.4817053800335769,0.2689817692631132,0.1964007053530549,0.8943379448865189,16.09000015258789,0.14389897669689228,0.0212,0.0212,90.7408218383789,0.22563733333333333,0,0.170427,,High_Vol,0.000870290591396268,0.0005749381014368976
2019-06-06,JPM,US,Financials,large,91.26175689697266,0.0021769458473447118,0.19666333377264883,0.1964729595985705,0.26529089354111723,0.2114603303573382,0.05631560655849506,0.26529089354111723,0.19526172492117533,0.893568874445347,15.930000305175781,0.14234552442609957,0.0212,0.0212,91.06330108642578,0.0312905,0,0.22563733333333333,,Low_Vol,0.000731395159223644,0.0007218788893220279
2019-06-07,JPM,US,Financials,large,90.26124572753906,-0.011023631020059323,0.1964729595985705,0.19965748859337454,0.23566075707436304,0.21130756517250948,0.03455794397837333,0.23566075707436304,0.19443483076323198,0.8927380281399421,16.299999237060547,0.14551629177575992,0.0209,0.0212,91.26175689697266,,0,0.0312905,,Low_Vol,0.0008355407130330519,0.0010314814604606565
2019-06-10,JPM,US,Financials,large,91.23693084716797,0.010751562762860427,0.19965748859337454,0.204338258349248,0.23874521295828743,0.21270537759449243,0.17499471734408548,0.23874521295828743,0.1903699469464686,0.8790378755381417,15.9399995803833,0.14011863367219007,0.0215,0.0209,90.26124572753906,0.169308,0,,,High_Vol,0.0004948125286313304,0.000683763083049696
2019-06-11,JPM,US,Financials,large,91.51806640625,0.003076641241768311,0.204338258349248,0.17878384879158726,0.2406113358593368,0.21301163071386597,0.17067576765498724,0.2406113358593368,0.1943879959925987,0.8803685707054714,15.989999771118164,0.14077093244080113,0.0215,0.0215,91.23693084716797,0.0806695,0,0.169308,,High_Vol,0.0013629121102140679,0.00021122421106800626
2019-06-12,JPM,US,Financials,large,90.35220336914062,-0.012820996072484768,0.17878384879158726,0.18257762391525725,0.12533762505361898,0.2119349628145294,0.048840165594503396,0.12533762505361898,0.19486027321263405,0.8802644065715312,15.90999984741211,0.1400500657423537,0.0213,0.0215,91.51806640625,0.172486,0,0.0806695,,Low_Vol,0.00026901648538926043,0.00036760185438770854
2019-06-13,JPM,US,Financials,large,90.57545471191406,0.002467853267398654,0.18257762391525725,0.18241691676353256,0.1594198621971883,0.21345352418316083,0.20352700300758325,0.1594198621971883,0.19906162228133598,0.8813786087810883,15.819999694824219,0.1394340932194141,0.021,0.0213,90.35220336914062,0.14966825,0,0.172486,,Low_Vol,0.00013626098854879753,0.00013430773834983284
2019-06-14,JPM,US,Financials,large,90.80696105957031,0.002552689271270308,0.18241691676353256,0.17633392545091456,0.15986313626744875,0.2133205359351786,0.039175956106410136,0.15986313626744875,0.17618084203885395,0.8815169698514563,15.279999732971191,0.13469579063939827,0.0209,0.021,90.57545471191406,-0.0015499999999999958,0,0.14966825,,Low_Vol,0.0001629507987722257,9.30128918658242e-05
2019-06-17,JPM,US,Financials,large,90.31084442138672,-0.005478399847977464,0.17633392545091456,0.17654125673612098,0.13627586149677184,0.20830231839218816,0.0405226859172236,0.13627586149677184,0.174226177272452,0.8814450974331529,15.350000381469727,0.13530182581843517,0.0209,0.0209,90.80696105957031,-0.07146,0,-0.0015499999999999958,0.11411635000000005,Low_Vol,0.0001149512028175495,0.00011721779575748353
2019-06-18,JPM,US,Financials,large,91.54286193847656,0.013549752613020884,0.17654125673612098,0.18261933637163552,0.11102116646409105,0.20577655603569853,0.08696690148193459,0.11102116646409105,0.1747300488690948,0.8833529751677078,15.149999618530273,0.13382797236818356,0.0206,0.0209,90.31084442138672,-0.03588949999999999,0,-0.07146,0.06596275000000004,Low_Vol,7.416000134377772e-05,0.00013154173410505343
2019-06-19,JPM,US,Financials,large,90.88139343261719,-0.007252011564899888,0.18261933637163552,0.1836752320640309,0.15686440673671653,0.19631154190451827,0.2150956544430052,0.15686440673671653,0.17546706361589928,0.8852438869168332,14.329999923706055,0.1268554483197947,0.0203,0.0206,91.54286193847656,-0.111077,0,-0.03588949999999999,0.04265095000000004,Low_Vol,0.0003743294219756277,0.00040698802297570516
2019-06-20,JPM,US,Financials,large,91.1129150390625,0.0025442744147611907,0.1836752320640309,0.18191418958507427,0.13090117799440404,0.1960792838295761,0.11512211463413673,0.13090117799440404,0.17640524410962247,0.8849164420001174,14.75,0.13052517519501733,0.020099999999999996,0.0203,90.88139343261719,,0,-0.111077,-0.014061649999999957,Low_Vol,0.0002349068082170315,0.00020223687418711306
2019-06-21,JPM,US,Financials,large,90.4927749633789,-0.006829549075172397,0.18191418958507427,0.16870680613130004,0.13095010248535566,0.19536240214611103,0.040389104211375086,0.13095010248535566,0.17562046555176392,0.8822491717809141,15.399999618530273,0.13586636908874727,0.0207,0.020099999999999996,91.1129150390625,,0,,,Low_Vol,0.00024607397164244996,7.181821165279465e-05
2019-06-24,JPM,US,Financials,large,89.84781646728516,-0.007152701903763478,0.16870680613130004,0.1668558684714031,0.14129958805557688,0.19587391330970597,0.10841573051770399,0.14129958805557688,0.17632043243129744,0.8827488359791538,15.260000228881836,0.1347074743908706,0.0202,0.0207,90.4927749633789,0.12240433333333334,0,,,Low_Vol,3.9094854934741425e-05,3.181137405364664e-05
2019-06-25,JPM,US,Financials,large,89.1036148071289,-0.008317407076636347,0.1668558684714031,0.16495285230896325,0.14531468504109396,0.19566538105116263,0.1135456226372185,0.14531468504109396,0.17584908329849128,0.8846633076151598,16.280000686645508,0.14402319255424886,0.02,0.0202,89.84781646728516,0.0535765,0,0.12240433333333334,,Low_Vol,1.6145595056182025e-05,1.279069068127383e-05
2019-06-26,JPM,US,Financials,large,89.69898223876953,0.006659518841606585,0.16495285230896325,0.1665080804358117,0.07106758078227203,0.19650577352367052,0.13203474406601112,0.07106758078227203,0.16489883001057132,0.8855772327412536,16.209999084472656,0.14355206131965548,0.020499999999999997,0.02,89.1036148071289,0.15535866666666664,0,0.0535765,,Low_Vol,5.585183396519008e-06,6.856278889809538e-06
2019-06-27,JPM,US,Financials,large,89.99662780761719,0.0033127781027039735,0.1665080804358117,0.16172097231337992,0.10752132834265904,0.18528386095992383,0.1057165842374398,0.10752132834265904,0.16290445731185968,0.8869957307675007,15.819999694824219,0.14032272190052247,0.020099999999999996,0.020499999999999997,89.69898223876953,,0,0.15535866666666664,,Low_Vol,1.3226285958575041e-05,7.1683933312293455e-06
2019-06-28,JPM,US,Financials,large,92.44416809082031,0.026832673254298427,0.16172097231337992,0.18044335657725746,0.10995720238229614,0.18517235728724393,0.052588722050970635,0.10995720238229614,0.1590812979022714,0.887124946153203,15.079999923706055,0.13377844120308038,0.02,0.020099999999999996,89.99662780761719,0.140465,0,,,Low_Vol,9.994476309427161e-06,8.059701270756326e-05
2019-07-01,JPM,US,Financials,large,93.99868774414062,0.016675947925506366,0.18044335657725746,0.1871030544330717,0.22514691839445303,0.19275334273110165,0.4259554826515671,0.22514691839445303,0.1824329532582473,0.8885959805754599,14.0600004196167,0.12493659859760678,0.0203,0.02,92.44416809082031,0.1351925,0,0.140465,,Low_Vol,0.0006526564215063729,0.0010522707801125797
2019-07-02,JPM,US,Financials,large,94.09793853759766,0.0010553172019111168,0.1871030544330717,0.15744791150049747,0.21218374548632896,0.19461721891953793,0.26472246652291986,0.21218374548632896,0.18395498930776671,0.8892484296715701,12.930000305175781,0.11497982467030486,0.019799999999999998,0.0203,93.99868774414062,,0,0.1351925,,Low_Vol,0.0031923541468949768,0.00036804413009268455
2019-07-03,JPM,US,Financials,large,93.94803619384766,-0.0015943162379991832,0.15744791150049747,0.15775569495456007,0.1701753138519572,0.19447268402995996,0.016752641223272115,0.1701753138519572,0.17820501822268017,0.88948467000354,12.569999694824219,0.11180822030495319,0.0196,0.019799999999999998,94.09793853759766,,0,,,Low_Vol,0.00040168411546293026,0.0004129708351742756
2019-07-05,JPM,US,Financials,large,94.50593566894531,0.005920820870984755,0.15775569495456007,0.1585080532115005,0.1918612611078096,0.1945189816792366,0.02530898566162743,0.1918612611078096,0.1788593016490334,0.8862290967352676,13.279999732971191,0.11769122167995655,0.0204,0.0196,93.94803619384766,,0,,,Low_Vol,0.00035950503489979094,0.00038491802783329615
2019-07-08,JPM,US,Financials,large,93.98968505859375,-0.005477601009103494,0.1585080532115005,0.15373244960130134,0.18761763932015482,0.19391273283106364,0.09399011749191905,0.18761763932015482,0.1508986255914779,0.8838921388714716,13.960000038146973,0.12339134292363552,0.020499999999999997,0.0204,94.50593566894531,,0,,,Low_Vol,0.0006380400466508077,0.00041897824077637147
2019-07-09,JPM,US,Financials,large,94.3893814086914,0.0042435389174762484,0.15373244960130134,0.15053448376363562,0.1355906505361405,0.1943186378170688,0.08695422030794576,0.1355906505361405,0.1527588651056798,0.8843291041565646,14.09000015258789,0.12460197212503908,0.0207,0.020499999999999997,93.98968505859375,0.12478800000000001,0,,,Low_Vol,0.00025749940408802824,0.0001869494545393563
2019-07-10,JPM,US,Financials,large,94.11457824707031,-0.002915624231925316,0.15053448376363562,0.15130761195175083,0.07243482955570564,0.1938511233224846,0.06736409192679839,0.07243482955570564,0.15303873559056005,0.8859072460616031,13.029999732971191,0.11543371179619932,0.0207,0.0207,94.3893814086914,0.001638,0,0.12478800000000001,,Low_Vol,0.00027746594459681154,0.0002992183231562036
2019-07-11,JPM,US,Financials,large,95.013916015625,0.00951040773256502,0.15130761195175083,0.14406287614838123,0.07699721813969654,0.17023438491256226,0.04628409980512857,0.07699721813969654,0.147413400029813,0.876290940070721,12.930000305175781,0.11330442122537195,0.0213,0.0207,94.11457824707031,-0.3089115,0,0.001638,,Low_Vol,0.00022913498407938632,0.00010559327187903596
2019-07-12,JPM,US,Financials,large,96.01317596435547,0.010462066430918179,0.14406287614838123,0.14679667526841067,0.09931466133272314,0.16941635203461267,0.15097304236315634,0.09931466133272314,0.14657658207107652,0.8782143647402679,12.390000343322754,0.10881076280642894,0.0212,0.0213,95.013916015625,,0,-0.3089115,,Low_Vol,0.0002699654763531935,0.00035485018726863493
2019-07-15,JPM,US,Financials,large,94.84737396240234,-0.012216421897023584,0.14679667526841067,0.1563318416181476,0.11401587378245401,0.16940802030508878,0.1660801558562797,0.11401587378245401,0.14942556084832953,0.8807407710242303,12.680000305175781,0.11167793245367993,0.0209,0.0212,96.01317596435547,-0.068182,0,,,Low_Vol,0.0009086571937849952,0.001937995262874248
2019-07-16,JPM,US,Financials,large,95.8633041381836,0.010654251728273249,0.1563318416181476,0.15634273119422495,0.15042058471456243,0.16133968862236178,0.19392968550340992,0.15042058471456243,0.14870955269561076,0.8821443263635462,12.859999656677246,0.11344375734174986,0.0213,0.0209,94.84737396240234,0.3134723333333333,0,-0.068182,,Low_Vol,0.0007196646697299955,0.0007203251215890452
2019-07-17,JPM,US,Financials,large,94.92230224609375,-0.009864575642165752,0.15634273119422495,0.1574419524501488,0.1632723380949831,0.16202065607949795,0.1691310028709468,0.1632723380949831,0.15143789485132245,0.8801692259054233,13.970000267028809,0.12295964320929303,0.0206,0.0213,95.8633041381836,0.02593519999999999,0,0.3134723333333333,,Low_Vol,0.0017165470114879067,0.001861677873004397
2019-07-18,JPM,US,Financials,large,95.48857879638672,0.005947960711913906,0.1574419524501488,0.15430311301507002,0.18535836516960605,0.1633559200283071,0.1565952836301352,0.18535836516960605,0.15718607743386778,0.8834708501392798,13.529999732971191,0.11953360366472288,0.0204,0.0206,94.92230224609375,0.168048,0,0.02593519999999999,,Low_Vol,0.0008408955634356535,0.0006456170799481256
2019-07-19,JPM,US,Financials,large,94.54757690429688,-0.009903479468356732,0.15430311301507002,0.16043098384552662,0.17747003115183066,0.16377167911072218,0.09442094911024136,0.17747003115183066,0.1553967297737005,0.8845405130242451,14.449999809265137,0.12781610244487626,0.020499999999999997,0.0204,95.48857879638672,0.21541300000000002,0,0.168048,,Low_Vol,0.0010617240424750374,0.0016996923503334593
2019-07-22,JPM,US,Financials,large,95.15546417236328,0.006408851911708456,0.16043098384552662,0.15779192307132578,0.16766182701912724,0.16504887013682842,0.15721286272503648,0.16766182701912724,0.1557185645429577,0.8852102517811319,13.529999732971191,0.11976894470222076,0.020499999999999997,0.020499999999999997,94.54757690429688,0.249466,0,0.21541300000000002,0.1309373066666667,Low_Vol,0.0007766084078912397,0.0006233072355355182
2019-07-23,JPM,US,Financials,large,96.8958740234375,0.018124919229670775,0.15779192307132578,0.16269203842169827,0.15538581740788163,0.16555082625270381,0.10173737008692874,0.15538581740788163,0.15338501235516938,0.8836002564007908,12.609999656677246,0.11142198929853897,0.0208,0.020499999999999997,95.15546417236328,0.079472,0,0.249466,0.1944669066666667,Low_Vol,0.0010558181259086447,0.0015336664760462332
2019-07-24,JPM,US,Financials,large,97.28726959228516,0.004031205712243539,0.16269203842169827,0.1562968397520018,0.19072487922004644,0.16893774316051297,0.2877241728890476,0.19072487922004644,0.16272028795587717,0.8879021862768725,12.069999694824219,0.10716979117395606,0.020499999999999997,0.0208,96.8958740234375,,0,0.079472,0.14766684000000002,Low_Vol,0.0057747848064865215,0.00387756360193936
2019-07-25,JPM,US,Financials,large,96.35460662841797,-0.00963293884719708,0.1562968397520018,0.1636885311923502,0.15838128560817166,0.16661740877001394,0.06399340679003646,0.15838128560817166,0.15912179698532677,0.8868113464536433,12.739999771118164,0.11297976350844408,0.0208,0.020499999999999997,97.28726959228516,0.151738,0,,,Low_Vol,0.0052060189768789455,0.008039736810055431
2019-07-26,JPM,US,Financials,large,96.77928161621094,0.004397733366103523,0.1636885311923502,0.16371044955755398,0.1878978098424367,0.16783101342900944,0.15291816350626022,0.1878978098424367,0.16128195135683887,0.8874350740340993,12.15999984741211,0.10791210364842801,0.0208,0.0208,96.35460662841797,,0,0.151738,,Low_Vol,0.004140435994544944,0.004146096771872276
2019-07-29,JPM,US,Financials,large,96.47119140625,-0.003188509359498788,0.16371044955755398,0.1402927966335196,0.15657017985501392,0.16726979523221633,0.06981185291448536,0.15657017985501392,0.15606337076436708,0.8865027032772292,12.829999923706055,0.11373829615412064,0.0206,0.0208,96.77928161621094,-0.146903,0,,,Low_Vol,0.00564210336715415,0.001041462494236936
2019-07-30,JPM,US,Financials,large,96.25467681884766,-0.002246866811229806,0.1402927966335196,0.129974630206153,0.1644655058729004,0.16737039153183114,0.05061601690941382,0.1644655058729004,0.1574180297630732,0.8865611118536302,13.9399995803833,0.12358661527223758,0.0206,0.0206,96.47119140625,0.029800000000000004,0,-0.146903,,Low_Vol,0.0007775500638400878,0.0002730665988554676
2019-07-31,JPM,US,Financials,large,96.59607696533203,0.0035405669557790316,0.129974630206153,0.1302406369650724,0.09214838317509587,0.16697816828184767,0.035667904869592655,0.09214838317509587,0.15853677547655365,0.8915700689952917,16.1200008392334,0.1437211026043948,0.0202,0.0206,96.25467681884766,,0,0.029800000000000004,,Low_Vol,0.0002151547738116731,0.00022184677666780075
2019-08-01,JPM,US,Financials,large,94.04795837402344,-0.02673328163600968,0.1302406369650724,0.16389694214092035,0.0903999787634808,0.16607452676817278,0.05620475799098604,0.0903999787634808,0.1343751266316701,0.887603072274658,17.8700008392334,0.1586146764645428,0.019,0.0202,96.59607696533203,,0,,,Low_Vol,0.00032096258448508636,0.004984117370209651
2019-08-02,JPM,US,Financials,large,94.03961944580078,-8.867069611695973e-05,0.16389694214092035,0.1624249999737788,0.2014776156323702,0.17172353281948707,0.42437768962518935,0.2014776156323702,0.1560394079928749,0.898684453604725,17.610000610351562,0.15825833776492668,0.018600000000000002,0.019,94.04795837402344,0.134478,0,,,Low_Vol,0.0006649868841104439,0.0005888091266169418
2019-08-05,JPM,US,Financials,large,91.24166870117188,-0.03020449054740183,0.1624249999737788,0.19369142838807896,0.19074136912386705,0.17135628807069628,0.0014076036630267367,0.19074136912386705,0.15599668906770184,0.8970384939948576,24.59000015258789,0.22058176704210758,0.0175,0.018600000000000002,94.03961944580078,-0.08565,0,0.134478,,Low_Vol,0.0005829898499317837,0.004685765575673739
2019-08-06,JPM,US,Financials,large,91.95782470703125,0.00781835845236491,0.19369142838807896,0.1955005925561892,0.2539107263294034,0.18230951951255575,0.4794814227949586,0.2539107263294034,0.18651105238241986,0.9004216584155876,20.170000076293945,0.18161504918939123,0.0173,0.0175,91.24166870117188,0.2058835,0,-0.08565,,Low_Vol,0.0006655307653039497,0.00075488512684075
2019-08-07,JPM,US,Financials,large,89.95926666259766,-0.021973069600227525,0.1955005925561892,0.2088321670573306,0.2843648332887808,0.18307191671926534,0.12411259275430432,0.2843648332887808,0.18750403611878505,0.8971490676368827,19.489999771118164,0.17485435122901719,0.0171,0.0173,91.95782470703125,0.282048,0,0.2058835,,Low_Vol,0.0012683495735582306,0.0027795358481792765
2019-08-08,JPM,US,Financials,large,91.48316192626953,0.016797957442007006,0.2088321670573306,0.21576601533241946,0.27005083626317283,0.17982469568673723,0.3488116662174929,0.27005083626317283,0.19987804668319586,0.897127964583038,16.90999984741211,0.1517043374420831,0.0172,0.0171,89.95926666259766,0.173385,0,0.282048,,High_Vol,0.0007267165894297989,0.0011206600740404915
2019-08-09,JPM,US,Financials,large,91.38321685791016,-0.0010930940829641217,0.21576601533241946,0.21083214760981134,0.3160511903447847,0.18241809090611621,0.26665930755238343,0.3160511903447847,0.2088910839567752,0.8967545648018462,17.969999313354492,0.16114678913736682,0.0174,0.0172,91.48316192626953,-0.042179750000000016,0,0.173385,0.14202890000000004,High_Vol,0.002981464044897242,0.0022895287300432887
2019-08-12,JPM,US,Financials,large,89.6678237915039,-0.018949843012116874,0.21083214760981134,0.21624544133656565,0.31504057474426517,0.182257203021929,0.017352330618715626,0.31504057474426517,0.20882571626885751,0.8953206227588425,21.09000015258789,0.18882312070599075,0.0165,0.0174,91.38321685791016,0.181027,0,-0.042179750000000016,0.10669735000000005,High_Vol,0.002149210029947765,0.0028768967919109156
2019-08-13,JPM,US,Financials,large,91.05013275146484,0.015298268590331978,0.21624544133656565,0.22066311897661567,0.26632478893438394,0.1844209289612726,0.30081943196265837,0.26632478893438394,0.21325048337937066,0.8987242551354059,17.520000457763672,0.15745649361375627,0.0168,0.0165,89.6678237915039,0.109999,0,0.181027,0.16003275000000003,High_Vol,0.0009454784876714514,0.0012296628385977254
2019-08-14,JPM,US,Financials,large,87.26956176757812,-0.04240852458623733,0.22066311897661567,0.26139873627909355,0.29051164567352317,0.186964359650515,0.24285248507933446,0.29051164567352317,0.21740176967960473,0.898806082694283,22.100000381469727,0.19863614770410964,0.0159,0.0168,91.05013275146484,0.283949,0,0.109999,0.14085585000000003,High_Vol,0.0029394444902263728,0.015733611260494218
2019-08-15,JPM,US,Financials,large,87.60266876220703,0.0038097232077649833,0.26139873627909355,0.26040575623733486,0.39612342219645524,0.20571599281272987,0.6732144571461142,0.39612342219645524,0.25457629289355344,0.9143585259485654,21.18000030517578,0.1936611385863069,0.0152,0.0159,87.26956176757812,-0.170856,0,0.283949,0.14123605000000003,High_Vol,0.0023620289688075224,0.0022570621256786383
2019-08-16,JPM,US,Financials,large,89.70112609863281,0.023671860239541227,0.26040575623733486,0.27754863669628504,0.35775749919717814,0.20575362066480657,0.06047748103042441,0.35775749919717814,0.25094583086287686,0.9142511513875631,18.469999313354492,0.16886218138361844,0.0155,0.0152,87.60266876220703,0.244716,0,-0.170856,0.07238785000000003,High_Vol,0.0027017275105972183,0.005481626741733886
2019-08-19,JPM,US,Financials,large,90.50887298583984,0.008964566902480202,0.27754863669628504,0.27879811583856834,0.42724662678428404,0.2112135810234965,0.3757791315846237,0.42724662678428404,0.26685888626332893,0.919720627623542,16.8799991607666,0.1552488342242512,0.016,0.0155,89.70112609863281,0.017194999999999995,0,0.244716,0.12976700000000002,High_Vol,0.014510873579421601,0.015100861661941578
2019-08-20,JPM,US,Financials,large,89.35971069335938,-0.012777972727343384,0.27879811583856834,0.2699102634683656,0.41015890164181723,0.20807887509054798,0.14230808781217938,0.41015890164181723,0.26820645948526434,0.9182642222976687,17.5,0.160696238902092,0.0155,0.016,90.50887298583984,0.177907,0,0.017194999999999995,0.09700060000000003,High_Vol,0.02137852427116238,0.016250028018580553
2019-08-21,JPM,US,Financials,large,89.60952758789062,0.0027917317990688185,0.2699102634683656,0.26945363704599207,0.4005564779419067,0.208738561435346,0.20284402857669806,0.4005564779419067,0.2693410849171872,0.9202489605501295,15.800000190734863,0.14539933752215606,0.0159,0.0155,89.35971069335938,-0.274012,0,0.177907,0.11058220000000003,High_Vol,0.009605214611564106,0.009450887325726964
2019-08-22,JPM,US,Financials,large,90.53385925292969,0.010262267112142861,0.26945363704599207,0.27327283864523755,0.2079317263684483,0.20763687865234698,0.04431736840516221,0.2079317263684483,0.2681705528269571,0.9191622017836504,16.68000030517578,0.15331625806257332,0.016200000000000003,0.0159,89.60952758789062,-0.078853,0,-0.274012,-0.0010099999999999664,High_Vol,0.010636452524073359,0.012120417207564571
2019-08-23,JPM,US,Financials,large,88.28549194335938,-0.025148126167882114,0.27327283864523755,0.2824691483126734,0.21006883720320424,0.20861592151266753,0.16290843999868204,0.21006883720320424,0.2620844586762901,0.9186240659785971,19.8700008392334,0.18253060961934722,0.0152,0.016200000000000003,90.53385925292969,0.3304475,0,-0.078853,0.017390600000000034,High_Vol,0.0182827055057474,0.024054798661003907
2019-08-26,JPM,US,Financials,large,88.99331665039062,0.007985483138329499,0.2824691483126734,0.2859690324086938,0.2431659409791423,0.2138573034724572,0.39921412667695105,0.2431659409791423,0.2710279867597388,0.9195081206355754,19.31999969482422,0.1776489661006771,0.0154,0.0152,88.28549194335938,,0,0.3304475,0.03453690000000004,High_Vol,0.009042479787785662,0.01018133620174444
2019-08-27,JPM,US,Financials,large,88.0523452758789,-0.01062980278080818,0.2859690324086938,0.28682102085057903,0.24016576275399082,0.21338906311471656,0.12676561489631671,0.24016576275399082,0.27350443015640913,0.9187319797981437,20.309999465942383,0.18659446019044487,0.0149,0.0154,88.99331665039062,-0.0026740000000000028,0,,,High_Vol,0.013918268957978985,0.014295815007172252
2019-08-28,JPM,US,Financials,large,88.93502807617188,0.009974611204744514,0.28682102085057903,0.29009002952094676,0.23530342732891224,0.2143365782083118,0.16874288786208763,0.23530342732891224,0.27295138201212976,0.9209542856736597,19.350000381469727,0.17820465779101494,0.0147,0.0149,88.0523452758789,-0.1442185,0,-0.0026740000000000028,,High_Vol,0.009424747379587206,0.010507232263793465
2019-08-29,JPM,US,Financials,large,90.95020294189453,0.02240605479781252,0.29009002952094676,0.29174673955360353,0.25132140793547,0.2059210535232773,0.15834204403387414,0.25132140793547,0.2771946639698053,0.9188985480619705,17.8799991607666,0.1642990526817768,0.015,0.0147,88.93502807617188,,0,-0.1442185,,High_Vol,0.01539426684052625,0.01618835845224509
2019-08-30,JPM,US,Financials,large,91.48316192626953,0.0058427963651355155,0.29174673955360353,0.29293172020361496,0.2976737651031651,0.21100390956208007,0.35568509314258523,0.2976737651031651,0.2909582248990957,0.9240182412696326,18.979999542236328,0.17537865796315644,0.015,0.015,90.95020294189453,-0.0071894999999999945,0,,,High_Vol,0.03633454788066892,0.03744697833846988
2019-09-03,JPM,US,Financials,large,90.40061950683594,-0.011903812357132261,0.29293172020361496,0.27574470485445424,0.18770355323269114,0.21130052339573052,0.09275151686004429,0.18770355323269114,0.2916425829607828,0.925430082518185,19.65999984741211,0.18193955281098095,0.0147,0.015,91.48316192626953,0.062106333333333326,0,-0.0071894999999999945,,High_Vol,0.04571380190611407,0.029207685344853296
2019-09-04,JPM,US,Financials,large,91.49148559570312,0.011994794026473615,0.27574470485445424,0.2777991654816884,0.23019700763975362,0.21150497285804268,0.18896716290329732,0.23019700763975362,0.28096195852659894,0.9266428653248825,17.329999923706055,0.16058720785382974,0.0147,0.0147,90.40061950683594,0.3923185,0,0.062106333333333326,,High_Vol,0.018543096207008336,0.019741670904207198
2019-09-05,JPM,US,Financials,large,93.57331848144531,0.022499369534752938,0.2777991654816884,0.27653409256381833,0.19884982542612095,0.21178941243336744,0.19041145212895372,0.19884982542612095,0.28479428123071865,0.9273252140212944,16.270000457763672,0.15087581656622256,0.015700000000000002,0.0147,91.49148559570312,0.170006,0,0.3923185,,High_Vol,0.031000264820187695,0.029933290479247088
2019-09-06,JPM,US,Financials,large,93.7731704711914,0.0021335021186795174,0.27653409256381833,0.2709473632132535,0.2260434776103652,0.21666087164922526,0.35716641866819576,0.2260434776103652,0.27622274679752873,0.9326964743558684,15.0,0.13990447115338026,0.0155,0.015700000000000002,93.57331848144531,0.175822,0,0.170006,,High_Vol,0.06692384877277524,0.058621760696637715
2019-09-09,JPM,US,Financials,large,96.0964584350586,0.024473676377859365,0.2709473632132535,0.2829644541938891,0.20136604359998223,0.21493273599648485,0.03386829616593249,0.20136604359998223,0.2752434731813888,0.9324982804605221,15.270000457763672,0.1423924916949601,0.0163,0.0155,93.7731704711914,,0,0.175822,0.1586126666666667,High_Vol,0.0631513555257821,0.08291903296699132
2019-09-10,JPM,US,Financials,large,97.32056427001953,0.012657853603353305,0.2829644541938891,0.27324049763302033,0.23959869949369436,0.2204028925287168,0.3885075681797515,0.23959869949369436,0.2738347718265938,0.9325943826654823,15.199999809265137,0.1417543443863707,0.0172,0.0163,96.0964584350586,,0,,,High_Vol,0.17828917103275632,0.14960380934509931
2019-09-11,JPM,US,Financials,large,97.58704376220703,0.002734420281670674,0.27324049763302033,0.27002872551332824,0.14325519703864867,0.2216789162834413,0.20093719659801396,0.14325519703864867,0.27168142854679767,0.9326774947802698,14.609999656677246,0.13626417878530336,0.0175,0.0172,97.32056427001953,0.053646,0,,,High_Vol,0.22071031508071215,0.20909994746028726
2019-09-12,JPM,US,Financials,large,98.18659973144531,0.006125010833301987,0.27002872551332824,0.2086488447734102,0.16751423570531992,0.22126790184623188,0.04340757627139076,0.16751423570531992,0.2713299077979825,0.9320980679654466,14.220000267028809,0.13254434775365687,0.0179,0.0175,97.58704376220703,0.08201750000000001,0,0.053646,,High_Vol,0.22720061097373634,0.05830318385458977
2019-09-13,JPM,US,Financials,large,100.11852264404297,0.0194849634996918,0.2086488447734102,0.2139250335301943,0.14754198897699794,0.22003075997112126,0.09723153265496132,0.14754198897699794,0.26004092063174244,0.9320778106432371,13.739999771118164,0.12806748904902399,0.019,0.0179,98.18659973144531,0.313437,0,0.08201750000000001,,High_Vol,0.07635269066565131,0.08799664213641334
2019-09-16,JPM,US,Financials,large,99.22750091552734,-0.008939507760584773,0.2139250335301943,0.21086159615687686,0.14340299911100904,0.22247006877572806,0.30931420635213164,0.14340299911100904,0.2625732709528784,0.9314260718655784,14.670000076293945,0.13664020545330205,0.0184,0.019,100.11852264404297,0.164297,0,0.313437,,High_Vol,0.1903446995192457,0.17850784896428973
2019-09-17,JPM,US,Financials,large,98.7362060546875,-0.0049634943394245455,0.21086159615687686,0.21321201439906778,0.17008496346253507,0.2235072501391394,0.14191028626703547,0.17008496346253507,0.21034334141490474,0.9325207262311098,14.4399995803833,0.13465598895475955,0.0181,0.0184,99.22750091552734,0.226246,0,0.164297,,High_Vol,0.1255422776518449,0.1326784803807941
2019-09-18,JPM,US,Financials,large,99.7271499633789,0.009986247977753332,0.21321201439906778,0.20407339047941703,0.17524926916473757,0.2232455665542744,0.078793029935965,0.17524926916473757,0.21343107267255226,0.9318989544802424,13.949999809265137,0.1299999023725376,0.018000000000000002,0.0181,98.7362060546875,0.19898,0,0.226246,0.16792870000000004,High_Vol,0.10869872264659719,0.08576737216502739
2019-09-19,JPM,US,Financials,large,99.41072082519531,-0.003177993249088152,0.20407339047941703,0.20620866464386814,0.18226960052171548,0.22318683741459347,0.15852677207854196,0.18226960052171548,0.2042284983281803,0.9335890377477788,14.050000190734863,0.1311692615842427,0.0179,0.018000000000000002,99.7271499633789,0.388763,0,0.19898,0.19699550000000005,High_Vol,0.13065695713314351,0.13746837271297352
2019-09-20,JPM,US,Financials,large,99.01101684570312,-0.004028838017795986,0.20620866464386814,0.20777993998006744,0.18838837306156048,0.222445074678781,0.05044907883197638,0.18838837306156048,0.2054001253157061,0.9338313633706613,15.319999694824219,0.14306296201855814,0.0174,0.0179,99.41072082519531,0.175253,0,0.388763,0.25834460000000004,High_Vol,0.1207290748994394,0.1254236899825809
2019-09-23,JPM,US,Financials,large,98.99433898925781,-0.00016845864006480782,0.20777993998006744,0.1772163296170996,0.11388246539111865,0.22253123822268425,0.06395582080590358,0.11388246539111865,0.19871468851875804,0.9329093191684174,14.90999984741211,0.13909677806450438,0.0172,0.0174,99.01101684570312,,0,0.175253,0.23070780000000007,High_Vol,0.10611315725881898,0.04188680699191316
2019-09-24,JPM,US,Financials,large,97.70361328125,-0.013124124776662938,0.1772163296170996,0.18908790420235508,0.09708598228058848,0.22253424666665725,0.0026741980068697396,0.09708598228058848,0.19930068709803264,0.9326115840852675,17.049999237060547,0.15901026797127638,0.016399999999999998,0.0172,98.99433898925781,0.06399,0,,,Low_Vol,0.04147568254981948,0.0620906318086365
2019-09-25,JPM,US,Financials,large,98.26152801513672,0.00569403555744244,0.18908790420235508,0.18024215186295445,0.1319165920973386,0.21819803492466117,0.2083390220065875,0.1319165920973386,0.20680098670742503,0.9340583756919155,15.960000038146973,0.14907571711674472,0.0173,0.016399999999999998,97.70361328125,-0.07580766666666666,0,0.06399,,Low_Vol,0.03211709321826417,0.022687947395156005
2019-09-26,JPM,US,Financials,large,97.45378875732422,-0.008254273168509033,0.18024215186295445,0.18575040355501587,0.10859381664705663,0.2159607162929622,0.0903900122481104,0.10859381664705663,0.18023151530521656,0.9332817691455431,16.06999969482422,0.14997837745353884,0.017,0.0173,98.26152801513672,0.165602,0,-0.07580766666666666,,Low_Vol,0.03117989057953041,0.038310100415954285
2019-09-27,JPM,US,Financials,large,98.02838134765625,0.005878738146074416,0.18575040355501587,0.17357139594513593,0.11502216386871633,0.21674385506713822,0.13103252434480828,0.11502216386871633,0.1851716935262217,0.9337157301809618,17.219999313354492,0.1607858423258445,0.0169,0.017,97.45378875732422,-0.009832166666666664,0,0.165602,,Low_Vol,0.024732618325868927,0.0145889798322264
2019-09-30,JPM,US,Financials,large,98.00338745117188,-0.00025499842982550775,0.17357139594513593,0.17394417762061798,0.13458015868770556,0.21696403702834768,0.09332207494429084,0.13458015868770556,0.17766021454270625,0.9305045776723531,16.239999771118164,0.1511139412842342,0.0168,0.0169,98.02838134765625,,0,-0.009832166666666664,,Low_Vol,0.020683326088587473,0.021022712250610587
2019-10-01,JPM,US,Financials,large,96.22138977050781,-0.01835036405844096,0.17394417762061798,0.1827688510901936,0.1345075534429635,0.2166993472284631,0.004047974580181495,0.1345075534429635,0.17751238360371138,0.9304252467753719,18.559999465942383,0.17268692083250212,0.0165,0.0168,98.00338745117188,0.029981333333333336,0,,,Low_Vol,0.02070253194361138,0.029765811113665386
2019-10-02,JPM,US,Financials,large,94.30612182617188,-0.020105573687498084,0.1827688510901936,0.19705586323062071,0.16366492204633423,0.2198261126510496,0.2913029985967963,0.16366492204633423,0.18148854291579988,0.9335742125495258,20.559999465942383,0.1919428531143583,0.016,0.0165,96.22138977050781,-0.123958,0,0.029981333333333336,,Low_Vol,0.010521012216863523,0.019689432858235767
2019-10-03,JPM,US,Financials,large,94.17182159423828,-0.0014251031417871272,0.19705586323062071,0.18090257416293895,0.1785631552756598,0.22363432383535495,0.31916608766042276,0.1785631552756598,0.19648612639064547,0.9355302914209093,19.1200008392334,0.1788733995709605,0.0154,0.016,94.30612182617188,,0,-0.123958,,Low_Vol,0.006493977986616661,0.0026662898669925217
2019-10-04,JPM,US,Financials,large,96.21151733398438,0.021428070298202297,0.18090257416293895,0.19581948493659412,0.18494192101987156,0.22357259575211438,0.022622811034713353,0.18494192101987156,0.19111110896602257,0.9330202557901396,17.040000915527344,0.15898666012869536,0.0152,0.0154,94.17182159423828,0.111812,0,,,Low_Vol,0.0024152547573897676,0.005601354849938789
2019-10-07,JPM,US,Financials,large,96.00167846679688,-0.002183397967821506,0.19581948493659412,0.1757860581096807,0.26707774114827776,0.227042751273956,0.34016007051031766,0.26707774114827776,0.19959403152895797,0.9370301940991929,17.860000610351562,0.16735359838529426,0.015600000000000001,0.0152,96.21151733398438,0.198296,0,0.111812,,Low_Vol,0.01852687295053901,0.007293808500011656
2019-10-08,JPM,US,Financials,large,93.8612289428711,-0.0225482717024909,0.1757860581096807,0.18614771269076524,0.2658397569650101,0.22608060128254326,0.03466036821563708,0.2658397569650101,0.1866614803065892,0.9413121545842165,20.280000686645508,0.1908981114131567,0.0154,0.015600000000000001,96.00167846679688,-0.337543,0,0.198296,,Low_Vol,0.006357970090503373,0.010757952959390749
2019-10-09,JPM,US,Financials,large,94.54110717773438,0.007217332864254667,0.18614771269076524,0.18826721755449694,0.2812153204662484,0.2294314783577359,0.35794271651463544,0.2812153204662484,0.20309243999802395,0.9455216950615618,18.639999389648438,0.17624523818846868,0.0159,0.0154,93.8612289428711,0.210156,0,-0.337543,,Low_Vol,0.0026753088554013482,0.003032254580137672
2019-10-10,JPM,US,Financials,large,95.86736297607422,0.01393086395744114,0.18826721755449694,0.19444490876850448,0.254145384780878,0.2288460143319836,0.11457160732794805,0.254145384780878,0.18584760219671706,0.9450098497405246,17.56999969482422,0.16603822771546897,0.0167,0.0159,94.54110717773438,,0,0.210156,,Low_Vol,0.004781158184581524,0.006588651722939043
2019-10-11,JPM,US,Financials,large,97.4874038696289,0.016757578113854362,0.19444490876850448,0.1908045883277158,0.2697296711650647,0.22976187457602096,0.2211456094779741,0.2697296711650647,0.18699540344974655,0.9464508860491445,15.579999923706055,0.14745704732437198,0.0176,0.0167,95.86736297607422,,0,,,Low_Vol,0.014521058429795675,0.01237152748756587
2019-10-14,JPM,US,Financials,large,97.74762725830078,0.0026657464213107763,0.1908045883277158,0.1891066428480577,0.2516817568080705,0.23198117721266984,0.2660183055899848,0.2516817568080705,0.1958832412365204,0.9530580670463543,14.569999694824219,0.1388605574601514,0.0176,0.0176,97.4874038696289,0.266209,0,,,Low_Vol,0.03068104112526515,0.028783029780388825
2019-10-15,JPM,US,Financials,large,100.69388580322266,0.029696155933541846,0.1891066428480577,0.21685235754614943,0.2481631081562874,0.23103762941580935,0.042317412534892365,0.2481631081562874,0.19492292648381748,0.9452383255555269,13.539999961853027,0.12798526891963852,0.0177,0.0176,97.74762725830078,0.2839036666666667,0,0.266209,,Low_Vol,0.03306415819673769,0.07885956744668166
2019-10-16,JPM,US,Financials,large,100.45886993408203,-0.0023366915875838615,0.21685235754614943,0.2144641680191458,0.16429039578848703,0.23837069279371625,0.4714118609684812,0.16429039578848703,0.20979600116389255,0.9641317543814699,13.680000305175781,0.1318932269416817,0.0175,0.0177,100.69388580322266,0.243398,0,0.2839036666666667,,High_Vol,0.24749249538998264,0.23658428662041864
2019-10-17,JPM,US,Financials,large,101.02125549316406,0.005582555782586974,0.2144641680191458,0.21479859007975205,0.19955271020979806,0.23574514351993145,0.03709382898842161,0.19955271020979806,0.20749903492624097,0.9640967114061123,13.789999961853027,0.13294893613512918,0.0176,0.0175,100.45886993408203,,0,0.243398,,High_Vol,0.2171858815892831,0.21861796233321318
2019-10-18,JPM,US,Financials,large,101.1975326538086,0.001743430537885283,0.21479859007975205,0.21405217601113058,0.2036000008790531,0.2358629416077838,0.0886203256852242,0.2036000008790531,0.20719951183916674,0.9642128906128828,14.25,0.1374003369123358,0.0176,0.0176,101.02125549316406,0.35521,0,,,High_Vol,0.2672889771757099,0.26365987841842653
2019-10-21,JPM,US,Financials,large,103.70733642578125,0.024498483700542806,0.21405217601113058,0.22947778076595998,0.20230036207658061,0.2348994600195523,0.02767610178816019,0.20230036207658061,0.20479278306767112,0.9632550871759291,14.0,0.13485571220463008,0.018000000000000002,0.0176,101.1975326538086,0.2607065,0,0.35521,,High_Vol,0.2804466011474229,0.36292970914401224
2019-10-22,JPM,US,Financials,large,104.7481689453125,0.009986219048315937,0.22947778076595998,0.22342434060685473,0.22744829152285048,0.23976970426474303,0.3889013722188338,0.22744829152285048,0.21945677266226862,0.9663039153831176,14.460000038146973,0.13972754653301447,0.0178,0.018000000000000002,103.70733642578125,0.159695,0,0.2607065,,High_Vol,0.7543313364497237,0.7037631068736871
2019-10-23,JPM,US,Financials,large,105.0251693725586,0.002640951328372842,0.22342434060685473,0.2232860486965457,0.164192910633447,0.24027065242985532,0.15852631283796048,0.164192910633447,0.22002073529968938,0.964480139503694,14.010000228881836,0.1351236697519874,0.0177,0.0178,104.7481689453125,,0,0.159695,,High_Vol,0.9300932924281149,0.9287907395305233
2019-10-24,JPM,US,Financials,large,104.94963836669922,-0.00071942924896916,0.2232860486965457,0.21967468635422027,0.14761792498035545,0.24016500737910398,0.04192380263700131,0.14761792498035545,0.2198079598887463,0.9625018259979783,13.710000038146973,0.13195900071148814,0.0177,0.0177,105.0251693725586,0.236798,0,,,High_Vol,0.997063530532948,0.9621378952902226
2019-10-25,JPM,US,Financials,large,105.78902435302734,0.007966173975276932,0.21967468635422027,0.2200732349693023,0.16253991976724358,0.2401655608636554,0.011420585272070214,0.16253991976724358,0.21300383933745673,0.9611422932745788,12.649999618530273,0.12158449643276734,0.018000000000000002,0.0177,104.94963836669922,0.199021,0,0.236798,,High_Vol,0.9433992673668392,0.9472076512247121
2019-10-28,JPM,US,Financials,large,106.19194030761719,0.0038014398174328894,0.2200732349693023,0.21955001632814017,0.15412799331128024,0.23324363735674367,0.1264590914355454,0.15412799331128024,0.21345478021571895,0.9743800896056843,13.109999656677246,0.12774122640203667,0.018500000000000003,0.018000000000000002,105.78902435302734,-0.031728000000000006,0,0.199021,,High_Vol,1.1721314003578662,1.1666813659924102
2019-10-29,JPM,US,Financials,large,106.1247787475586,-0.000632654485220009,0.21955001632814017,0.20407702865023908,0.06782668394944061,0.23323389690079963,0.060345986285437234,0.06782668394944061,0.20944856298547457,0.9757324216110272,13.199999809265137,0.1287966777915937,0.0184,0.018500000000000003,106.19194030761719,0.12176399999999998,0,-0.031728000000000006,,High_Vol,1.2880234094017702,1.1227911428244468
2019-10-30,JPM,US,Financials,large,105.53722381591797,-0.00555183673689484,0.20407702865023908,0.1861810285471119,0.05707596757389228,0.22344838144483034,0.010043078602330394,0.05707596757389228,0.20987049684660328,0.9780656591934304,12.329999923706055,0.12059549503234508,0.0178,0.0184,106.1247787475586,,0,0.12176399999999998,,High_Vol,1.10293812111329,0.9182825298454276
2019-10-31,JPM,US,Financials,large,104.85730743408203,-0.006463273970971678,0.1861810285471119,0.18954030113994255,0.08130185082824538,0.22377366836661722,0.0881326759527365,0.08130185082824538,0.21179702337133588,0.9818834786184899,13.220000267028809,0.12980499849527613,0.0169,0.0178,105.53722381591797,,0,,,Low_Vol,0.7680666736160049,0.7998157839741538
2019-11-01,JPM,US,Financials,large,107.27474975585938,0.022792849047115364,0.18954030113994255,0.1911287369809128,0.09745480247491903,0.21879126681592992,0.10260129349480777,0.09745480247491903,0.20070114395221728,0.9807963418891694,12.300000190734863,0.1206379519230884,0.0173,0.0169,104.85730743408203,-0.131736,0,,,Low_Vol,0.6464082942336837,0.6601321416125892
2019-11-04,JPM,US,Financials,large,108.1309585571289,0.007949773636533446,0.1911287369809128,0.18914080934617353,0.1891767275641676,0.22079402101493015,0.3618252614958167,0.1891767275641676,0.1914112509182689,0.9811078450821412,12.829999923706055,0.12587613577551285,0.0179,0.0173,107.27474975585938,,0,-0.131736,,Low_Vol,1.3218504052032998,1.299209832662143
2019-11-05,JPM,US,Financials,large,108.365966796875,0.0021710084950790115,0.18914080934617353,0.1574404132235698,0.19283201068175373,0.22091626582959029,0.1261987441291505,0.19283201068175373,0.18975406616942822,0.9861052585482109,13.100000381469727,0.12917979263150867,0.018600000000000002,0.0179,108.1309585571289,0.001122,0,,,Low_Vol,1.6178427188328897,1.2392422077480916
2019-11-06,JPM,US,Financials,large,108.53386688232422,0.001548181168582247,0.1574404132235698,0.15870586440299206,0.1899431992361056,0.21622344018877884,0.03446369143312595,0.1899431992361056,0.18235863992168044,0.98592395338659,12.619999885559082,0.12442360178908723,0.0181,0.018600000000000002,108.365966796875,,0,0.001122,,Low_Vol,1.3316542038920431,1.3468767350875694
2019-11-07,JPM,US,Financials,large,109.12145233154297,0.005399242056405252,0.15870586440299206,0.15656891930317376,0.17295443726007498,0.2147568856795583,0.02457661413925194,0.17295443726007498,0.18092636502957377,0.985740742228053,12.729999542236328,0.12548479197326812,0.0192,0.0181,108.53386688232422,0.181779,0,,,Low_Vol,1.4122786522727253,1.3863202891032955
2019-11-08,JPM,US,Financials,large,109.4404067993164,0.0029186674698208595,0.15656891930317376,0.15215833757857394,0.1377506005608065,0.19288621976409995,0.08571031049693564,0.1377506005608065,0.15105046951868797,0.9863716433781812,12.069999694824219,0.1190550543455791,0.0194,0.0192,109.12145233154297,0.164687,0,0.181779,,Low_Vol,1.6422829633454086,1.5872649529920793
2019-11-11,JPM,US,Financials,large,109.05429077148438,-0.0035343322657766492,0.15215833757857394,0.1554000358125361,0.042063298198435524,0.19289317898155575,0.046332409709040664,0.042063298198435524,0.15162370629310143,0.9899644931556514,12.6899995803833,0.12562649002739584,0.0194,0.0194,109.4404067993164,0.19706,0,0.164687,,Low_Vol,1.736030822528292,1.7768234692214406
2019-11-12,JPM,US,Financials,large,108.41632080078125,-0.005867200135364118,0.1554000358125361,0.1312769267173846,0.05193455874607588,0.18888397333375379,0.05610578535549873,0.05193455874607588,0.15307758822062914,0.9910514431681504,12.680000305175781,0.12566532601817046,0.0192,0.0194,109.05429077148438,0.1168995,0,0.19706,,Low_Vol,1.59831086605719,1.2987149773131748
2019-11-13,JPM,US,Financials,large,107.8455581665039,-0.0052784518678980815,0.1312769267173846,0.13346656346516209,0.07400810599796069,0.1894144013418958,0.09313891470250775,0.07400810599796069,0.1528980026314144,0.9903898522280621,13.0,0.12875068078964808,0.018799999999999997,0.0192,108.41632080078125,-0.17408400000000002,0,0.1168995,,Low_Vol,1.0403963836919345,1.0663832027819495
2019-11-14,JPM,US,Financials,large,107.9462890625,0.0009335932251933033,0.13346656346516209,0.1335465979353565,0.08108161565091143,0.1873570740245128,0.08379282569929612,0.08108161565091143,0.15656723072809325,0.9881635205762991,13.050000190734863,0.12895534131997938,0.0182,0.018799999999999997,107.8455581665039,0.11293333333333333,0,-0.17408400000000002,0.09726830000000006,Low_Vol,0.8651412395977331,0.8660382053227806
2019-11-15,JPM,US,Financials,large,108.7269058227539,0.0072055072441205925,0.1335465979353565,0.1341002701984548,0.0618494400776933,0.18741025761064928,0.014820332997337211,0.0618494400776933,0.12874360718761202,0.9889185088902237,12.050000190734863,0.11916468220748433,0.0184,0.0182,107.9462890625,,0,0.11293333333333333,0.08349916666666671,Low_Vol,0.8974815994433669,0.9037587653047794
2019-11-18,JPM,US,Financials,large,109.64186096191406,0.008379957508756825,0.1341002701984548,0.11097729881545974,0.0865895454331438,0.1870157812980862,0.11438388142810478,0.0865895454331438,0.1279014550060611,0.9843755859153769,12.460000038146973,0.12265319838056545,0.0181,0.0184,108.7269058227539,0.072075,0,,,Low_Vol,1.19247548277054,0.9132580918313877
2019-11-19,JPM,US,Financials,large,109.60829162597656,-0.00030621950136482123,0.11097729881545974,0.10809218649214761,0.10634913613185885,0.17781872679319832,0.13302770139275358,0.10634913613185885,0.1287705568305932,0.9782923893267735,12.859999656677246,0.1258083979087227,0.0179,0.0181,109.64186096191406,,0,0.072075,,Low_Vol,1.3083902210874783,1.2719888676798945
2019-11-20,JPM,US,Financials,large,108.81085968017578,-0.007301882496273406,0.10809218649214761,0.11327449648561974,0.08946883097480783,0.17775936446319204,0.004861083883257126,0.08946883097480783,0.12933412624994112,0.9785962470870008,12.779999732971191,0.12506459776458478,0.0173,0.0179,109.60829162597656,0.2362965,0,,,Low_Vol,1.2549574522718245,1.3202952698496162
2019-11-21,JPM,US,Financials,large,109.06266784667969,0.00231150871316353,0.11327449648561974,0.1129011456582222,0.10057000319372178,0.1767597268805718,0.1159137911265297,0.10057000319372178,0.11127949808243319,0.9976633045843036,13.130000114440918,0.13099319303365412,0.0177,0.0173,108.81085968017578,0.1573215,0,0.2362965,,Low_Vol,0.9696436528735362,0.9651356026524809
2019-11-22,JPM,US,Financials,large,109.78453063964844,0.006596981052761703,0.1129011456582222,0.11203022473382766,0.10031294146439945,0.17626297328649976,0.036694063250337805,0.10031294146439945,0.10779896596178754,0.9945893441642566,12.34000015258789,0.12273232658749217,0.0177,0.0177,109.06266784667969,0.1317065,0,0.1573215,,Low_Vol,1.0689011094543375,1.0581829485491738
2019-11-25,JPM,US,Financials,large,110.37211608886719,0.005337897838922529,0.11203022473382766,0.11251622833023527,0.09842078404500898,0.17190594790171562,0.10472382761647524,0.09842078404500898,0.10897904025253269,0.9961638803559919,11.869999885559082,0.11824465145823716,0.0176,0.0177,109.78453063964844,0.05092680000000001,0,0.1317065,,Low_Vol,1.390204871737346,1.3963495585552295
2019-11-26,JPM,US,Financials,large,110.5232162475586,0.0013680703947883126,0.11251622833023527,0.11213522469486273,0.0876534049184849,0.17187511313408857,0.08473650123394875,0.0876534049184849,0.1090837343160786,0.9944946231772609,11.539999961853027,0.11476467913528632,0.0174,0.0176,110.37211608886719,,0,0.05092680000000001,,Low_Vol,1.7091718546720998,1.7043948756879246
2019-11-27,JPM,US,Financials,large,110.85057067871094,0.0029574835783741137,0.11213522469486273,0.10851342614858221,0.0864853718961915,0.16904616124939437,0.021717444243838983,0.0864853718961915,0.10723369192482039,0.9889731219766,11.75,0.11620434183225051,0.0177,0.0174,110.5232162475586,0.223219,0,,,Low_Vol,1.7901058761449633,1.745016128526359
2019-11-29,JPM,US,Financials,large,110.59874725341797,-0.0022743220542894706,0.10851342614858221,0.10490555910699934,0.034589772936516924,0.16808396580644785,0.046948596329611854,0.034589772936516924,0.10710056778407165,0.9886260070031468,12.619999885559082,0.12476460095240446,0.0178,0.0177,110.85057067871094,,0,0.223219,,Low_Vol,1.9440136183727503,1.9001622734956953
2019-12-02,JPM,US,Financials,large,110.3553466796875,-0.0022031786589987545,0.10490555910699934,0.0743782795234909,0.055380149373647894,0.1635403245948233,0.03610374334151688,0.055380149373647894,0.10771825073169312,0.9999577001968608,14.90999984741211,0.14909369157353758,0.0183,0.0178,110.59874725341797,0.2644255,0,,,Low_Vol,1.7469612172993294,1.3734720744392632
2019-12-03,JPM,US,Financials,large,108.93675994873047,-0.01293805364176115,0.0743782795234909,0.0860761123282199,0.05250551869624023,0.1638554259584737,0.034974376953332886,0.05250551869624023,0.10552076054217263,0.9966982808005472,15.960000038146973,0.15907304599597757,0.0172,0.0183,110.3553466796875,,0,0.2644255,,Low_Vol,1.2274870110761498,1.3726895506744228
2019-12-04,JPM,US,Financials,large,111.08560943603516,0.01953363032691512,0.0860761123282199,0.10971062796725026,0.09842466044874935,0.16053953697497922,0.20538523431188138,0.09842466044874935,0.11373002654210385,0.9978351010362826,14.800000190734863,0.14767959685658924,0.0177,0.0172,108.93675994873047,0.205022,0,,,Low_Vol,0.6911413684135965,0.9761694926423417
2019-12-05,JPM,US,Financials,large,111.68997955322266,0.0054258332578842414,0.10971062796725026,0.11071424360711615,0.18826137854227576,0.16307113873357545,0.3100867682837204,0.18826137854227576,0.10681298274919063,1.0034363990646125,14.520000457763672,0.14569896973754903,0.018000000000000002,0.0177,111.08560943603516,,0,0.205022,,Low_Vol,2.1073017192909305,2.119287442171128
2019-12-06,JPM,US,Financials,large,113.35199737548828,0.014771004622780052,0.11071424360711615,0.11979250079523489,0.19066599662976455,0.16320170122298194,0.08613243273399054,0.19066599662976455,0.10534012871373767,0.9830576416297443,13.619999885559082,0.13389244966495098,0.0184,0.018000000000000002,111.68997955322266,0.107854,0,,,Low_Vol,2.5291571772571615,2.6311444658986147
2019-12-09,JPM,US,Financials,large,112.82315063476562,-0.004676443978567439,0.11979250079523489,0.12195171034309747,0.2070552659095897,0.1650302349497626,0.23448242907876873,0.2070552659095897,0.11457070487750275,0.9833542278552889,15.859999656677246,0.15595997716177,0.0183,0.0184,113.35199737548828,0.0710094,0,0.107854,,Low_Vol,3.899301387000108,3.91773331225815
2019-12-10,JPM,US,Financials,large,112.89868927001953,0.0006693073041199535,0.12195171034309747,0.1205447822327532,0.2130711559363849,0.1617383224076107,0.07423624672448947,0.2130711559363849,0.1168094290656196,0.989011920903823,15.680000305175781,0.1550770722159443,0.018500000000000003,0.0183,112.82315063476562,0.35964450000000003,0,0.0710094,,Low_Vol,3.49317910512751,3.4797468628855484
2019-12-11,JPM,US,Financials,large,112.6301040649414,-0.0023818274206357276,0.1205447822327532,0.11824342132104107,0.15800335072513072,0.16015573645776282,0.010624924064282842,0.15800335072513072,0.11613693958656833,0.9900569243035735,14.989999771118164,0.1484095306870452,0.0179,0.018500000000000003,112.89868927001953,-0.14889,0,0.35964450000000003,,Low_Vol,3.5406905080554907,3.5192532042812417
2019-12-12,JPM,US,Financials,large,115.8533706665039,0.028216311534757788,0.11824342132104107,0.14742334160420761,0.12231639776446011,0.15975276912691386,0.03781033812525941,0.12231639776446011,0.1167693785794205,0.9892071089672522,13.9399995803833,0.13789546683915674,0.019,0.0179,112.6301040649414,0.265931,0,-0.14889,,Low_Vol,3.3042161753703567,3.605073555160317
2019-12-13,JPM,US,Financials,large,114.83769989013672,-0.008805519317193032,0.14742334160420761,0.15366444170600482,0.22088468470616796,0.16772054550937088,0.4479200594189541,0.22088468470616796,0.1466088485128698,0.9962896745486387,12.630000114440918,0.1258313870356561,0.0182,0.019,115.8533706665039,0.050579,0,0.265931,0.13110978000000004,Low_Vol,6.267456541446506,6.305519680677136
2019-12-16,JPM,US,Financials,large,115.28258514404297,0.003866550122695041,0.15366444170600482,0.1529349635343439,0.23381565923006506,0.16892618530148706,0.13978328566840825,0.23381565923006506,0.14899887963778186,0.9964221399694088,12.140000343322754,0.12096565121323016,0.0189,0.0182,114.83769989013672,,0,0.050579,0.11965478000000004,Low_Vol,5.415910166970434,5.410228056922605
2019-12-17,JPM,US,Financials,large,115.98768615722656,0.006097655301177698,0.1529349635343439,0.15206784287206374,0.2247463101171427,0.16841610608972213,0.06137958033850415,0.2247463101171427,0.1463764158678216,1.0048454104832067,12.289999961853027,0.123495500565068,0.0189,0.0189,115.28258514404297,0.074688,0,,,Low_Vol,5.797782182280045,5.791656140308305
2019-12-18,JPM,US,Financials,large,115.87018585205078,-0.0010135546765478423,0.15206784287206374,0.15228086977959143,0.22249467384258048,0.16847592035314551,0.09679727704506508,0.22249467384258048,0.1465317327582472,1.011555600128407,12.579999923706055,0.1272536937243979,0.0192,0.0189,115.98768615722656,-0.250008,0,0.074688,,Low_Vol,6.414922025817219,6.416201447299144
2019-12-19,JPM,US,Financials,large,115.29097747802734,-0.005011305340620206,0.15228086977959143,0.1504763123453744,0.21967445756926499,0.16543654259631385,0.016089681685872607,0.21967445756926499,0.14652038902893297,1.0111963542344458,12.5,0.12639954427930572,0.0192,0.0192,115.87018585205078,0.1526035,0,-0.250008,,Low_Vol,6.3135004214778405,6.302450843333062
2019-12-20,JPM,US,Financials,large,115.19863891601562,-0.000801238410617497,0.1504763123453744,0.1510402879242407,0.09755828759743823,0.16610174634235875,0.07955200605054538,0.09755828759743823,0.14750813532933527,1.011362875540048,12.510000228881836,0.1265214980448859,0.0192,0.0192,115.29097747802734,0.095323,0,0.1526035,,Low_Vol,5.790216893658183,5.794135764555151
2019-12-23,JPM,US,Financials,large,115.16510009765625,-0.000291181405024454,0.1510402879242407,0.15068400232713236,0.06962402620643995,0.1647057238362061,0.01271926545219931,0.06962402620643995,0.1476219003953698,1.01724288562092,12.609999656677246,0.1282743243843717,0.019299999999999998,0.0192,115.19863891601562,,0,0.095323,,Low_Vol,5.713794196868179,5.711266431447129
2019-12-24,JPM,US,Financials,large,115.48403930664062,0.0027655807699113457,0.15068400232713236,0.15029322687395638,0.06341896550585467,0.16469657150758563,0.004622361504606472,0.06341896550585467,0.1440353188709958,1.013429189364768,12.670000076293945,0.1284014790657012,0.019,0.019299999999999998,115.16510009765625,,0,,,Low_Vol,5.682941269062539,5.680157694848077
2019-12-26,JPM,US,Financials,large,116.70956420898438,0.010556158860891536,0.15029322687395638,0.15307991423314166,0.04399861485053244,0.16458255174583009,0.04390223368708778,0.04399861485053244,0.14403336775379083,1.0210188604529113,12.649999618530273,0.12915888195241543,0.019,0.019,115.48403930664062,0.37467849999999997,0,,,Low_Vol,5.956686383880793,5.975397749683921
2019-12-27,JPM,US,Financials,large,116.7934799194336,0.0007187547757680704,0.15307991423314166,0.15324064045915092,0.09205193458297899,0.15934284467487483,0.16757382687605926,0.09205193458297899,0.14596203081383194,1.0531496525311501,13.430000305175781,0.14143800154889113,0.018799999999999997,0.019,116.70956420898438,,0,0.37467849999999997,,Low_Vol,7.077065029174619,7.0778791546895405
2019-12-30,JPM,US,Financials,large,116.36542510986328,-0.0036717901933664867,0.15324064045915092,0.1539103820089077,0.073945980291436,0.1518637546663476,0.01140987834193385,0.073945980291436,0.14582795234530052,1.0519478508276636,14.819999694824219,0.15589866828236967,0.019,0.018799999999999997,116.7934799194336,,0,,,Low_Vol,7.153400233129773,7.156737583233621
